"AGEYRS","SEX","COMM","EMPIRICAL_PREVALENCE","PREVALENCE_CL","PREVALENCE_CU","PREVALENCE_M","ROUND"
15,"F","inland",0,0.0133051279161748,0.0430586458413028,0.0257598292219736,"R010"
16,"F","inland",0.0163934426229508,0.0179660871021099,0.0467518477884173,0.0307075847302663,"R010"
17,"F","inland",0.0300751879699248,0.0241237136093016,0.0513593368241996,0.0366770083853142,"R010"
18,"F","inland",0.0569620253164557,0.0318905346728077,0.0576674717939807,0.0438164046403538,"R010"
19,"F","inland",0.0621761658031088,0.0407412518231772,0.0656480489366782,0.052190413950653,"R010"
20,"F","inland",0.0747663551401869,0.0504073330221897,0.0755270775844362,0.0618992057701253,"R010"
21,"F","inland",0.110526315789474,0.0609736012401934,0.0867742386127141,0.0728371792706287,"R010"
22,"F","inland",0.110599078341014,0.0728690833068963,0.0991329399710437,0.0849421382709822,"R010"
23,"F","inland",0.088,0.0853763817898785,0.112536873548074,0.0981098691106916,"R010"
24,"F","inland",0.1,0.0983083364402836,0.127031856220731,0.112042718020163,"R010"
25,"F","inland",0.130841121495327,0.111325230573287,0.14275172591396,0.126520037009261,"R010"
26,"F","inland",0.136363636363636,0.124633174880551,0.158467213103515,0.141333747501666,"R010"
27,"F","inland",0.154696132596685,0.138499899079262,0.173948754712408,0.155961191538478,"R010"
28,"F","inland",0.169398907103825,0.151960564862162,0.188938964721736,0.169890896023917,"R010"
29,"F","inland",0.189349112426035,0.164431844323572,0.203451255478908,0.182721544784428,"R010"
30,"F","inland",0.24025974025974,0.174695024677915,0.216648180428118,0.194133751656002,"R010"
31,"F","inland",0.277372262773723,0.182769746720835,0.227568665159634,0.203593122154401,"R010"
32,"F","inland",0.139344262295082,0.188988840217524,0.235669434523156,0.211054185051317,"R010"
33,"F","inland",0.25,0.192671282821466,0.240694663558162,0.215840624582498,"R010"
34,"F","inland",0.186046511627907,0.193617005771044,0.243777594117998,0.21811018311784,"R010"
35,"F","inland",0.2125,0.192438014219605,0.245004185241796,0.218144625005147,"R010"
36,"F","inland",0.150537634408602,0.188697292909858,0.243525535869298,0.215767064163389,"R010"
37,"F","inland",0.228070175438596,0.184141858108822,0.239748960635775,0.211295691020961,"R010"
38,"F","inland",0.182926829268293,0.17755998397024,0.233128381468766,0.204546038470081,"R010"
39,"F","inland",0.263888888888889,0.169532588269664,0.224820993153482,0.195915931159347,"R010"
40,"F","inland",0.214285714285714,0.159955263319696,0.2147377880231,0.185766587668968,"R010"
41,"F","inland",0.180555555555556,0.149058859989508,0.203027017609979,0.17435064941578,"R010"
42,"F","inland",0.111111111111111,0.137015449521461,0.189629265132381,0.162072104384485,"R010"
43,"F","inland",0.109756097560976,0.124821355529667,0.1762335812651,0.149344978265728,"R010"
44,"F","inland",0.149253731343284,0.112050092342928,0.163041367995416,0.136411604137321,"R010"
45,"F","inland",0.157142857142857,0.0989192853570079,0.150896235218978,0.123619936604956,"R010"
46,"F","inland",0.102941176470588,0.0856930852335656,0.140264333744028,0.111302482978983,"R010"
47,"F","inland",0.0980392156862745,0.0728064205359629,0.130502940992635,0.0997758765352543,"R010"
48,"F","inland",0.0666666666666667,0.0606854826576995,0.122790978669782,0.0888629708038207,"R010"
49,"F","inland",0.05,0.0493610270179596,0.117171193383591,0.0790791553323979,"R010"
15,"M","inland",0,0.000131132964929274,0.0103507372787293,0.00192071025620663,"R010"
16,"M","inland",0,0.000274916980054456,0.0105877317070065,0.00266927536248133,"R010"
17,"M","inland",0,0.000616981926913548,0.0122876279507144,0.00400832383219909,"R010"
18,"M","inland",0,0.00148477880474766,0.0156874899567676,0.00635311044146396,"R010"
19,"M","inland",0.00746268656716418,0.00358066718625693,0.020792160902346,0.0103287618934989,"R010"
20,"M","inland",0.00819672131147541,0.00828108316443103,0.0281196755896201,0.0167470672732279,"R010"
21,"M","inland",0.056,0.0165143820885391,0.0396059043666571,0.0264862561896119,"R010"
22,"M","inland",0.0695652173913043,0.0273334973048992,0.058128997613626,0.0393438040526065,"R010"
23,"M","inland",0.078740157480315,0.039751632516129,0.0798843024737418,0.0544310698387947,"R010"
24,"M","inland",0.0728476821192053,0.0527259379995739,0.0976903997698192,0.0706192377881349,"R010"
25,"M","inland",0.0964912280701754,0.0658264275557355,0.110965386139289,0.0859465261549745,"R010"
26,"M","inland",0.09375,0.076795717683791,0.123528033592248,0.0986336832352611,"R010"
27,"M","inland",0.107142857142857,0.08544887259658,0.134125087457163,0.109290210299114,"R010"
28,"M","inland",0.105691056910569,0.092915577616977,0.143411682574675,0.118039564514936,"R010"
29,"M","inland",0.158273381294964,0.100929068472392,0.150360656750609,0.125405519630458,"R010"
30,"M","inland",0.0825688073394495,0.108045117378651,0.158164541066672,0.132036686729029,"R010"
31,"M","inland",0.153846153846154,0.112990950153368,0.167194851704045,0.137930960358346,"R010"
32,"M","inland",0.179775280898876,0.116819218603132,0.175480307359648,0.143184169929086,"R010"
33,"M","inland",0.193548387096774,0.120779532253771,0.182116080891341,0.148281246118392,"R010"
34,"M","inland",0.126315789473684,0.124615091253722,0.186129810446806,0.15325516123045,"R010"
35,"M","inland",0.164556962025316,0.127267587907604,0.191962274976826,0.159121765690852,"R010"
36,"M","inland",0.128205128205128,0.129550729143706,0.200691132684617,0.16666938146735,"R010"
37,"M","inland",0.15,0.13632966398191,0.211843731989142,0.175737943919281,"R010"
38,"M","inland",0.191176470588235,0.147518330952146,0.224458768020833,0.185783654361502,"R010"
39,"M","inland",0.224137931034483,0.158203593426444,0.240210252842896,0.19584009788455,"R010"
40,"M","inland",0.276595744680851,0.163623452524357,0.256220159974816,0.203620643711874,"R010"
41,"M","inland",0.2,0.163235987037186,0.266831484344245,0.206992777990925,"R010"
42,"M","inland",0.25,0.158211732080022,0.265019521321266,0.20395121495991,"R010"
43,"M","inland",0.189189189189189,0.148870603507066,0.250458893255843,0.193290809930249,"R010"
44,"M","inland",0.148148148148148,0.13295584461087,0.229150347618492,0.176635785419001,"R010"
45,"M","inland",0.0740740740740741,0.111343810840136,0.207439128247462,0.156927524362606,"R010"
46,"M","inland",0.138888888888889,0.0894200297115327,0.185243991122965,0.135646388978973,"R010"
47,"M","inland",0.153846153846154,0.0706566533626005,0.167051968555948,0.11465906991906,"R010"
48,"M","inland",0.03125,0.0529195478034944,0.153435007644727,0.0961232038831229,"R010"
49,"M","inland",0.107142857142857,0.0373306173393432,0.14626600112577,0.0803673181390273,"R010"
15,"F","inland",0,0.0118003499488358,0.0429130321181654,0.0262262130096401,"R011"
16,"F","inland",0.0217391304347826,0.0172122569456656,0.0477345115112516,0.0317883714439764,"R011"
17,"F","inland",0.0357142857142857,0.0243690544958771,0.0536745894696219,0.0384689539298318,"R011"
18,"F","inland",0.0290697674418605,0.0335492194733803,0.0607744206041951,0.0464253846199494,"R011"
19,"F","inland",0.114942528735632,0.0436615671166264,0.0692821639530251,0.055800344957437,"R011"
20,"F","inland",0.0628019323671498,0.0545983409551676,0.0798238932448015,0.0664210195712791,"R011"
21,"F","inland",0.101449275362319,0.0660393916820186,0.0929503103697539,0.0780564484538232,"R011"
22,"F","inland",0.114155251141553,0.0778376213877437,0.106677935080155,0.0903601327309276,"R011"
23,"F","inland",0.115555555555556,0.0897951569109218,0.120491252492261,0.103222851272783,"R011"
24,"F","inland",0.104072398190045,0.102178200257712,0.134188276966729,0.116399564226345,"R011"
25,"F","inland",0.136929460580913,0.114500002157348,0.146819513279078,0.12950871057364,"R011"
26,"F","inland",0.158119658119658,0.126478343851204,0.159577105070498,0.142216898532779,"R011"
27,"F","inland",0.133333333333333,0.137871105844265,0.171578967471142,0.154410049526186,"R011"
28,"F","inland",0.169014084507042,0.148250057010581,0.183532007829281,0.166024666927577,"R011"
29,"F","inland",0.185567010309278,0.158027314364723,0.194897816658117,0.176750758018581,"R011"
30,"F","inland",0.198979591836735,0.166364537084355,0.2054950599434,0.186321256747373,"R011"
31,"F","inland",0.146496815286624,0.173662975759175,0.214850894502994,0.19461492740145,"R011"
32,"F","inland",0.248447204968944,0.179648120404652,0.222926221407045,0.201517092952284,"R011"
33,"F","inland",0.220588235294118,0.184134576372742,0.22944732253931,0.20708769982145,"R011"
34,"F","inland",0.192307692307692,0.187237952098826,0.234447892012572,0.210820584086432,"R011"
35,"F","inland",0.237623762376238,0.189345364613666,0.237918353610062,0.212905337823795,"R011"
36,"F","inland",0.161904761904762,0.188851155302801,0.239860301242977,0.213253807878623,"R011"
37,"F","inland",0.242424242424242,0.186972450521872,0.239721833838085,0.211995188994503,"R011"
38,"F","inland",0.186666666666667,0.18363907079533,0.238648932559456,0.20885399560786,"R011"
39,"F","inland",0.216216216216216,0.178732277170958,0.235169844221873,0.203949818229333,"R011"
40,"F","inland",0.158730158730159,0.172303139076549,0.229286683433282,0.197657240991923,"R011"
41,"F","inland",0.270588235294118,0.164437463510701,0.221864207911284,0.189747833149573,"R011"
42,"F","inland",0.20253164556962,0.155105657782791,0.212873464284564,0.180470255977858,"R011"
43,"F","inland",0.117647058823529,0.144779804278873,0.201830663279535,0.17001191445536,"R011"
44,"F","inland",0.125,0.133833767089814,0.189074281609904,0.15874388341145,"R011"
45,"F","inland",0.154929577464789,0.121350204129417,0.176804902821053,0.14694400133207,"R011"
46,"F","inland",0.131868131868132,0.10802964836111,0.164867157740216,0.134929961563562,"R011"
47,"F","inland",0.111111111111111,0.0943247757262493,0.155002325779832,0.122799596425966,"R011"
48,"F","inland",0.160714285714286,0.0804438053713562,0.147465820313867,0.111184699389216,"R011"
49,"F","inland",0.0357142857142857,0.0661884587066217,0.140587152311785,0.100153078979966,"R011"
15,"M","inland",0,0.000111627850431683,0.00703392204077622,0.00113827388524959,"R011"
16,"M","inland",0,0.000245843386644121,0.00698773052460898,0.00164954377342614,"R011"
17,"M","inland",0,0.000550378546794793,0.00801693060522419,0.00257079289004471,"R011"
18,"M","inland",0,0.00122402643560376,0.0102772915482525,0.00413968838379272,"R011"
19,"M","inland",0,0.00266005876290061,0.0140351155026765,0.00683108834378196,"R011"
20,"M","inland",0.0264900662251656,0.00548980413734937,0.0199041583810463,0.0113608603003152,"R011"
21,"M","inland",0.024,0.0106770326260896,0.028878535402121,0.0185042837111613,"R011"
22,"M","inland",0.037037037037037,0.0190255963027549,0.0418448204164703,0.0291478296678504,"R011"
23,"M","inland",0.0625,0.0310089583933561,0.0590307085858953,0.0434686541120539,"R011"
24,"M","inland",0.0680272108843537,0.0459097828331454,0.0791323494892768,0.060718482026395,"R011"
25,"M","inland",0.0689655172413793,0.0617349777200996,0.100910239557967,0.0792948813698153,"R011"
26,"M","inland",0.132450331125828,0.0770074181645367,0.120139996380201,0.09706902759051,"R011"
27,"M","inland",0.106060606060606,0.0905449522284764,0.135962454393425,0.111608671769186,"R011"
28,"M","inland",0.159090909090909,0.100774626609322,0.146740046645811,0.122365819713912,"R011"
29,"M","inland",0.115646258503401,0.107201771320429,0.153102415263607,0.129077211984664,"R011"
30,"M","inland",0.133858267716535,0.109938505662322,0.156933340546616,0.132917610526422,"R011"
31,"M","inland",0.129770992366412,0.110974275340974,0.159431867089312,0.13493874380059,"R011"
32,"M","inland",0.113821138211382,0.111848332360661,0.162206081257779,0.136511477053985,"R011"
33,"M","inland",0.121739130434783,0.11391276062604,0.16560353945447,0.138754519002452,"R011"
34,"M","inland",0.183908045977011,0.116777292614023,0.170384054386602,0.142473219395286,"R011"
35,"M","inland",0.16304347826087,0.121463845511423,0.177518775871559,0.148059794150396,"R011"
36,"M","inland",0.169811320754717,0.128309314638121,0.186042187888167,0.155699712662141,"R011"
37,"M","inland",0.177777777777778,0.136130549515565,0.196116441647772,0.165098140933989,"R011"
38,"M","inland",0.175,0.145182806721152,0.208871638890342,0.175996548859717,"R011"
39,"M","inland",0.191176470588235,0.154243177304853,0.222986890390426,0.18713183011302,"R011"
40,"M","inland",0.146666666666667,0.162193312113676,0.236444235392301,0.197416936701191,"R011"
41,"M","inland",0.25,0.166780110097132,0.247444611312185,0.205038296957566,"R011"
42,"M","inland",0.185185185185185,0.167447477535984,0.254296618779166,0.208006302562055,"R011"
43,"M","inland",0.229166666666667,0.162405182898115,0.253354851793915,0.204223515267499,"R011"
44,"M","inland",0.256410256410256,0.150892992733904,0.243352225300813,0.193040576751964,"R011"
45,"M","inland",0.148148148148148,0.133399105549696,0.224605988723453,0.174814119582721,"R011"
46,"M","inland",0.0882352941176471,0.110962050435329,0.199560427305712,0.150867610439445,"R011"
47,"M","inland",0.184210526315789,0.0848454911401234,0.171941201639166,0.123750860743286,"R011"
48,"M","inland",0.0833333333333333,0.0585495137207645,0.149488741392815,0.0971477625423637,"R011"
49,"M","inland",0,0.035848801541265,0.130284767598867,0.0735096002242924,"R011"
15,"F","inland",0.0129032258064516,0.00938772829707723,0.0394464607587426,0.0216910542926015,"R012"
16,"F","inland",0.0432098765432099,0.0133197507953569,0.0420210687651816,0.0261607585528159,"R012"
17,"F","inland",0.00617283950617284,0.0184692069912568,0.0479806088913478,0.032510756929463,"R012"
18,"F","inland",0.0265957446808511,0.0260032499857803,0.0553214062669356,0.0409899602485281,"R012"
19,"F","inland",0.0404624277456647,0.0375038071790826,0.0649220121891532,0.0516125340613921,"R012"
20,"F","inland",0.0917874396135266,0.0520833958485893,0.0788633380408973,0.0642537085873364,"R012"
21,"F","inland",0.129032258064516,0.065018770649574,0.10061378464466,0.0781872050878963,"R012"
22,"F","inland",0.126168224299065,0.0778033788525428,0.123044338095886,0.0925364080690688,"R012"
23,"F","inland",0.0982142857142857,0.0907412150474253,0.137987162843997,0.106914157821273,"R012"
24,"F","inland",0.15948275862069,0.104072572246912,0.146327042970971,0.120726314396178,"R012"
25,"F","inland",0.11214953271028,0.116271208980777,0.154045387253189,0.133110035725504,"R012"
26,"F","inland",0.136792452830189,0.124703756752251,0.164933316442402,0.144821205034889,"R012"
27,"F","inland",0.162698412698413,0.130893434535397,0.176562717787424,0.156804860747481,"R012"
28,"F","inland",0.152777777777778,0.141478771597648,0.18824545075801,0.168691612940626,"R012"
29,"F","inland",0.182266009852217,0.155749368231652,0.19990792725458,0.180295525895167,"R012"
30,"F","inland",0.183908045977011,0.169067971601592,0.212544702314251,0.1915976601126,"R012"
31,"F","inland",0.233695652173913,0.179492667933168,0.226847116180703,0.202216121069823,"R012"
32,"F","inland",0.239130434782609,0.187105005331075,0.239557886166904,0.211373169796659,"R012"
33,"F","inland",0.20625,0.193521044225363,0.247226158897945,0.218606799870939,"R012"
34,"F","inland",0.238993710691824,0.197777262330879,0.249848092541825,0.223673540135382,"R012"
35,"F","inland",0.256410256410256,0.197977895257815,0.253151742859869,0.227282179426577,"R012"
36,"F","inland",0.162162162162162,0.193779865494544,0.257159371430644,0.230058144758966,"R012"
37,"F","inland",0.171717171717172,0.191514780748742,0.260967863632482,0.231769873371508,"R012"
38,"F","inland",0.261363636363636,0.195234072811037,0.26435905359154,0.232728209852757,"R012"
39,"F","inland",0.246575342465753,0.200787267501566,0.26782382872179,0.233143692933927,"R012"
40,"F","inland",0.25,0.201821643599392,0.271612816411515,0.232074366612058,"R012"
41,"F","inland",0.222222222222222,0.197983431392279,0.274559056245261,0.228946885209504,"R012"
42,"F","inland",0.318181818181818,0.191082877597692,0.272574296697624,0.222816896855535,"R012"
43,"F","inland",0.2,0.182357005841434,0.260106585698461,0.213849597407188,"R012"
44,"F","inland",0.242424242424242,0.171258529890761,0.243414675128949,0.202525983603203,"R012"
45,"F","inland",0.0869565217391304,0.156495460206082,0.22613204559645,0.188951740912047,"R012"
46,"F","inland",0.19047619047619,0.139916515165001,0.20930510828938,0.174543217766137,"R012"
47,"F","inland",0.134328358208955,0.124008702547379,0.196607896269708,0.160372726256587,"R012"
48,"F","inland",0.160493827160494,0.107848469117748,0.187439607276464,0.146801395082609,"R012"
49,"F","inland",0.111111111111111,0.0911223146301636,0.18204619813359,0.134614773143234,"R012"
15,"M","inland",0.00641025641025641,0.000824408949704091,0.0147599654732669,0.00401408897627323,"R012"
16,"M","inland",0.00625,0.00125768313691601,0.0120649635680149,0.00445307758853697,"R012"
17,"M","inland",0,0.00192966049614456,0.0116498447290093,0.00529524866030987,"R012"
18,"M","inland",0.00602409638554217,0.00294176284889241,0.0130970317823036,0.00676087187731087,"R012"
19,"M","inland",0.0129032258064516,0.0045205769200762,0.0162842648067274,0.00922242360065179,"R012"
20,"M","inland",0.00806451612903226,0.00704459857622158,0.0216128714390826,0.0132629216756621,"R012"
21,"M","inland",0.016,0.0113924875433338,0.0298488576037705,0.0196341802539949,"R012"
22,"M","inland",0.0526315789473684,0.0185693951780673,0.0419495256915191,0.0291501812062288,"R012"
23,"M","inland",0.0413223140495868,0.0296218690031178,0.0577762808043937,0.0424815150725293,"R012"
24,"M","inland",0.041958041958042,0.0444439466209843,0.0779284224537024,0.0596220769942198,"R012"
25,"M","inland",0.11864406779661,0.0618780628129006,0.101632848269099,0.0794270594444493,"R012"
26,"M","inland",0.128378378378378,0.0792831219825025,0.125209422983207,0.09928453856848,"R012"
27,"M","inland",0.167701863354037,0.0945118784936088,0.143914510713337,0.116657469801712,"R012"
28,"M","inland",0.0852713178294574,0.106426034263605,0.156829329810179,0.129255072266114,"R012"
29,"M","inland",0.109243697478992,0.112827965021695,0.163110456017334,0.136149686442029,"R012"
30,"M","inland",0.149122807017544,0.114496566375256,0.164498784423484,0.138342161331119,"R012"
31,"M","inland",0.160839160839161,0.112545007635368,0.163053233909055,0.137283611993562,"R012"
32,"M","inland",0.131386861313869,0.109383381140298,0.160156622067655,0.134562215368858,"R012"
33,"M","inland",0.088,0.107756049378922,0.157577374710141,0.131662281314913,"R012"
34,"M","inland",0.135135135135135,0.106450029425872,0.156448837487756,0.129893668146745,"R012"
35,"M","inland",0.127272727272727,0.106336498228166,0.158353678715296,0.130163178199698,"R012"
36,"M","inland",0.172839506172839,0.108104799980583,0.162286225975248,0.132746474422935,"R012"
37,"M","inland",0.164705882352941,0.111705338790307,0.167744805071252,0.137916363062702,"R012"
38,"M","inland",0.153846153846154,0.117594141238429,0.175777461195035,0.145488771712152,"R012"
39,"M","inland",0.144578313253012,0.125643003669482,0.1872109032208,0.155597048753173,"R012"
40,"M","inland",0.16304347826087,0.135323416535525,0.202189024613202,0.167427400166928,"R012"
41,"M","inland",0.181818181818182,0.145387292796564,0.219226689934633,0.180506031239032,"R012"
42,"M","inland",0.140845070422535,0.156035980652271,0.237186219299437,0.194118189118037,"R012"
43,"M","inland",0.285714285714286,0.163840776024364,0.251861564849716,0.205395197582786,"R012"
44,"M","inland",0.232558139534884,0.168666770979065,0.261411146690047,0.211670673170527,"R012"
45,"M","inland",0.210526315789474,0.166206137154341,0.264975977626316,0.211512020983315,"R012"
46,"M","inland",0.24390243902439,0.156784080828539,0.256960991756576,0.202296877830001,"R012"
47,"M","inland",0.204545454545455,0.139156741398476,0.239483803312606,0.185036304514468,"R012"
48,"M","inland",0.135135135135135,0.111232910958856,0.219210105440621,0.16109502405418,"R012"
49,"M","inland",0.0571428571428571,0.0786586747323805,0.20494388326708,0.134718373445479,"R012"
15,"F","inland",0.0110497237569061,0.00410829439678576,0.0285137684269465,0.0121233187806233,"R013"
16,"F","inland",0.0124223602484472,0.00716417009660756,0.0318768414862482,0.0159611942764867,"R013"
17,"F","inland",0.0191082802547771,0.0121712749314529,0.0382557200265462,0.0221801996744575,"R013"
18,"F","inland",0.0295566502463054,0.0203179828152146,0.047024964143597,0.0317572764915142,"R013"
19,"F","inland",0.0402684563758389,0.0324799993486098,0.0600686148525754,0.0453474931919636,"R013"
20,"F","inland",0.10828025477707,0.0485078831999244,0.0802906039282355,0.0622610077544133,"R013"
21,"F","inland",0.0691823899371069,0.0640699313600984,0.106418948988063,0.0817366411951202,"R013"
22,"F","inland",0.157894736842105,0.0784252080032251,0.132436424948823,0.101420891303908,"R013"
23,"F","inland",0.135869565217391,0.0924863462853214,0.149754390983284,0.118157270214313,"R013"
24,"F","inland",0.135514018691589,0.106305766841907,0.158069417159752,0.130372232387628,"R013"
25,"F","inland",0.153488372093023,0.117632065102401,0.161857372211399,0.138694127178393,"R013"
26,"F","inland",0.127551020408163,0.122530979485896,0.166737245141747,0.145085285125583,"R013"
27,"F","inland",0.107784431137725,0.124657677558074,0.174416702473624,0.151381510061775,"R013"
28,"F","inland",0.140909090909091,0.131184557955987,0.183268420557204,0.158526419168812,"R013"
29,"F","inland",0.197628458498024,0.141334877166728,0.192672431586067,0.167592205497187,"R013"
30,"F","inland",0.213114754098361,0.154202416463495,0.203003358420048,0.178476859952678,"R013"
31,"F","inland",0.178743961352657,0.167324234262555,0.215363746377264,0.190823226692483,"R013"
32,"F","inland",0.213872832369942,0.178931540140276,0.230902931402551,0.20315185384812,"R013"
33,"F","inland",0.18125,0.188975955749769,0.245737354307109,0.214436750437259,"R013"
34,"F","inland",0.27906976744186,0.197510400057382,0.257611268520708,0.224135035842294,"R013"
35,"F","inland",0.255474452554745,0.204169374739035,0.264530313542215,0.231678855813265,"R013"
36,"F","inland",0.203252032520325,0.208070934808919,0.269203683666773,0.236462943825331,"R013"
37,"F","inland",0.244094488188976,0.208959618450159,0.271655094534853,0.238763433575867,"R013"
38,"F","inland",0.240384615384615,0.20634364353486,0.273818409369536,0.239489298679501,"R013"
39,"F","inland",0.247191011235955,0.203786691545748,0.275114694650471,0.239373796008106,"R013"
40,"F","inland",0.227848101265823,0.200836332800896,0.276436414597854,0.238879380978859,"R013"
41,"F","inland",0.172839506172839,0.199387460849293,0.276748490100045,0.237961418734549,"R013"
42,"F","inland",0.295774647887324,0.19877950819738,0.276534726008157,0.236089104157344,"R013"
43,"F","inland",0.147540983606557,0.196152251444207,0.27621935570041,0.232822857475934,"R013"
44,"F","inland",0.320512820512821,0.189432289275291,0.273462411189981,0.226710891750329,"R013"
45,"F","inland",0.225,0.179505287913038,0.265099064680531,0.217462424217553,"R013"
46,"F","inland",0.225352112676056,0.166619870919357,0.250068594643132,0.204265658097015,"R013"
47,"F","inland",0.0476190476190476,0.149782198220121,0.231778294538211,0.188109318096179,"R013"
48,"F","inland",0.25,0.129819816760505,0.215408168818311,0.170175294163643,"R013"
49,"F","inland",0.12987012987013,0.105788984362615,0.205874091112913,0.152191536339371,"R013"
15,"M","inland",0,0.00150263301469602,0.0133383777243409,0.00494655324983037,"R013"
16,"M","inland",0.00956937799043062,0.00231196042650789,0.0138090680024932,0.00620691103150731,"R013"
17,"M","inland",0,0.00357132610444707,0.0153094441377224,0.00794615852878484,"R013"
18,"M","inland",0.0136986301369863,0.00532495737832085,0.0180245709312817,0.0104420814727764,"R013"
19,"M","inland",0.0145985401459854,0.00787781773370389,0.022243983844022,0.0138665789825088,"R013"
20,"M","inland",0.016,0.0115037029761428,0.0280535963307585,0.0186419564028549,"R013"
21,"M","inland",0.0636363636363636,0.0164556582544405,0.0355461001214204,0.0250314258177373,"R013"
22,"M","inland",0.0175438596491228,0.0230866695887331,0.0452224413177319,0.0334477220245019,"R013"
23,"M","inland",0.064,0.0318458089175169,0.0572162069248269,0.0439885285669817,"R013"
24,"M","inland",0.0564516129032258,0.0429862702529566,0.071842451560191,0.0566924415185325,"R013"
25,"M","inland",0.0384615384615385,0.0559145507994015,0.0883021815070847,0.0711858721000374,"R013"
26,"M","inland",0.0839160839160839,0.0696607972879052,0.106515660895275,0.0868122727420968,"R013"
27,"M","inland",0.186915887850467,0.083939813504832,0.124960965407972,0.102747778512184,"R013"
28,"M","inland",0.123188405797101,0.0971943602137742,0.142220368060996,0.117997543191437,"R013"
29,"M","inland",0.171232876712329,0.109625299205191,0.156918693168349,0.131337139245536,"R013"
30,"M","inland",0.111111111111111,0.120818106395959,0.168601427578224,0.142338199734015,"R013"
31,"M","inland",0.11304347826087,0.129423351309603,0.176960837828402,0.150816231278882,"R013"
32,"M","inland",0.228070175438596,0.135648042560059,0.182460305932171,0.157076960098606,"R013"
33,"M","inland",0.175182481751825,0.138609293807653,0.186451245038428,0.161294506059857,"R013"
34,"M","inland",0.171875,0.139897968803893,0.189099321891758,0.164195870764054,"R013"
35,"M","inland",0.108108108108108,0.140207368443331,0.191814302303828,0.16595958734551,"R013"
36,"M","inland",0.10377358490566,0.140548696142934,0.194149944768968,0.167525423405555,"R013"
37,"M","inland",0.204081632653061,0.141286798160316,0.196851487992407,0.169134265221897,"R013"
38,"M","inland",0.19047619047619,0.143078922144682,0.19917132418575,0.171218463454768,"R013"
39,"M","inland",0.188888888888889,0.146338952910533,0.203151636467936,0.174109370267488,"R013"
40,"M","inland",0.147727272727273,0.150290443045442,0.207732678484469,0.17795321140219,"R013"
41,"M","inland",0.205128205128205,0.154128953160189,0.214654069156917,0.182768749716844,"R013"
42,"M","inland",0.192771084337349,0.157867335911225,0.223314463053838,0.187856319167278,"R013"
43,"M","inland",0.169491525423729,0.161225440613625,0.232441204604511,0.193339730919893,"R013"
44,"M","inland",0.267857142857143,0.16407128829341,0.2410358404268,0.198365977925615,"R013"
45,"M","inland",0.25,0.16590774316036,0.247078502231632,0.202766890519734,"R013"
46,"M","inland",0.195121951219512,0.167386832285229,0.252587422987484,0.206271252141783,"R013"
47,"M","inland",0.2,0.164473903108707,0.258640670081384,0.208062452314025,"R013"
48,"M","inland",0.121951219512195,0.157741755685481,0.266661025102047,0.208060673658057,"R013"
49,"M","inland",0.256410256410256,0.144075223292085,0.280177544088899,0.205652372344059,"R013"
15,"F","inland",0.00555555555555556,0.00211165279770773,0.0168830468454565,0.00681860752840741,"R014"
16,"F","inland",0,0.00452794226762212,0.020886253212915,0.0106509928290121,"R014"
17,"F","inland",0.0147783251231527,0.00923693696206947,0.0280138123699215,0.0168739557337742,"R014"
18,"F","inland",0.0461538461538462,0.0174671314221423,0.0390627499054402,0.026814188542242,"R014"
19,"F","inland",0.0528846153846154,0.0304137855094945,0.0547593960288158,0.0415493053859137,"R014"
20,"F","inland",0.0634920634920635,0.0480731100043539,0.0766852715930605,0.061047106310308,"R014"
21,"F","inland",0.125,0.0683810760758636,0.104226109431165,0.084260157292109,"R014"
22,"F","inland",0.116022099447514,0.0890902877974049,0.132596325511238,0.10843733405327,"R014"
23,"F","inland",0.140540540540541,0.108646346110676,0.156978491550198,0.130706982633832,"R014"
24,"F","inland",0.162303664921466,0.1255758443464,0.17458588676495,0.148152194425847,"R014"
25,"F","inland",0.178082191780822,0.138699644144061,0.184574996898852,0.160006832165912,"R014"
26,"F","inland",0.140909090909091,0.146782950668178,0.189684916437413,0.167139077332906,"R014"
27,"F","inland",0.223744292237443,0.14958441044425,0.193129272056512,0.171149669384898,"R014"
28,"F","inland",0.131221719457014,0.150613841723974,0.196336438251217,0.173710074871778,"R014"
29,"F","inland",0.168367346938776,0.15276154958985,0.199867358069654,0.176204837970213,"R014"
30,"F","inland",0.147540983606557,0.157249511185639,0.203971370871103,0.18033108854425,"R014"
31,"F","inland",0.229787234042553,0.164186545644521,0.209479541910112,0.18629450518568,"R014"
32,"F","inland",0.188172043010753,0.172414796758196,0.218046692716239,0.194097428586307,"R014"
33,"F","inland",0.245714285714286,0.180469153459155,0.229685933606967,0.203623713240879,"R014"
34,"F","inland",0.177514792899408,0.189356175278242,0.242524009933727,0.21371292279985,"R014"
35,"F","inland",0.248648648648649,0.198562341766236,0.254608421738689,0.223897626553397,"R014"
36,"F","inland",0.256578947368421,0.207109724575875,0.264656721016416,0.233431114461186,"R014"
37,"F","inland",0.275641025641026,0.215118683477902,0.271873393495653,0.241343528730461,"R014"
38,"F","inland",0.216,0.219841979214755,0.278823469417188,0.247916323543861,"R014"
39,"F","inland",0.192660550458716,0.22177879513758,0.284923727783412,0.253264372153843,"R014"
40,"F","inland",0.333333333333333,0.221464768586563,0.290270836460834,0.256855682950514,"R014"
41,"F","inland",0.213592233009709,0.220653573882005,0.294450462858967,0.25867322648825,"R014"
42,"F","inland",0.227272727272727,0.219601823142943,0.296319268528159,0.258783128130822,"R014"
43,"F","inland",0.272727272727273,0.218422919547743,0.296914008190793,0.257423409809783,"R014"
44,"F","inland",0.283333333333333,0.213992336217792,0.296012444342694,0.253299673186861,"R014"
45,"F","inland",0.241935483870968,0.206606921659582,0.289781694100477,0.246312294572954,"R014"
46,"F","inland",0.238636363636364,0.19673029100751,0.279917842977057,0.235795381985211,"R014"
47,"F","inland",0.229885057471264,0.183591241486371,0.265571431060796,0.221780489339696,"R014"
48,"F","inland",0.184615384615385,0.161064900043965,0.252690936743677,0.204878342092029,"R014"
49,"F","inland",0.152173913043478,0.131027422567514,0.246133810098821,0.184804573972622,"R014"
15,"M","inland",0.0124223602484472,0.00320241996901917,0.0184498657548416,0.00813788684225491,"R014"
16,"M","inland",0.00930232558139535,0.00441259593829589,0.0181526815833241,0.00951963803890144,"R014"
17,"M","inland",0,0.0060904486635644,0.0191817384912502,0.0114146402488572,"R014"
18,"M","inland",0.0209424083769634,0.00833688470113383,0.0216389439147348,0.0139624514196754,"R014"
19,"M","inland",0.0119047619047619,0.0111889320716242,0.0256704457981633,0.0174463592139481,"R014"
20,"M","inland",0.034965034965035,0.0149803380883605,0.0311482208521202,0.0220347299416274,"R014"
21,"M","inland",0.0223880597014925,0.0197997032397705,0.0382254575454059,0.0280950141774209,"R014"
22,"M","inland",0.0538461538461538,0.0260544550664803,0.0472671290357866,0.0358646284905179,"R014"
23,"M","inland",0.0482758620689655,0.0339641366224619,0.0583596278874587,0.0453917095494951,"R014"
24,"M","inland",0.0610687022900763,0.0440102906872397,0.0710898918796811,0.0567465160294689,"R014"
25,"M","inland",0.105633802816901,0.0556392177980126,0.0856177084206115,0.0696383766230769,"R014"
26,"M","inland",0.0666666666666667,0.0686500297409599,0.10186055224594,0.0837842380964514,"R014"
27,"M","inland",0.083969465648855,0.0820279212579844,0.11835033632105,0.098702255159313,"R014"
28,"M","inland",0.125874125874126,0.0951571340627534,0.13470622868948,0.113422355522912,"R014"
29,"M","inland",0.133333333333333,0.107622862026346,0.15006173365843,0.127218924931417,"R014"
30,"M","inland",0.182352941176471,0.118751851636313,0.162866240139233,0.139175814056745,"R014"
31,"M","inland",0.153333333333333,0.128117057166868,0.173528562227347,0.14905031965017,"R014"
32,"M","inland",0.129770992366412,0.135714717119663,0.180682771766241,0.156434186992768,"R014"
33,"M","inland",0.188679245283019,0.140783226456673,0.18564579835382,0.161349591613015,"R014"
34,"M","inland",0.157142857142857,0.142981093601623,0.1881490628738,0.16434780223102,"R014"
35,"M","inland",0.203007518796992,0.143423074823061,0.189528368478819,0.165691109125313,"R014"
36,"M","inland",0.16260162601626,0.14217985755657,0.19050816614343,0.166160791112427,"R014"
37,"M","inland",0.151785714285714,0.140273390984512,0.192371441049297,0.166073742467997,"R014"
38,"M","inland",0.100917431192661,0.138792514427622,0.193933283341128,0.166115348275428,"R014"
39,"M","inland",0.174418604651163,0.138826511680182,0.195530003042397,0.167015478574068,"R014"
40,"M","inland",0.211111111111111,0.140292595550483,0.198207511551035,0.168980949488442,"R014"
41,"M","inland",0.163265306122449,0.143792016858794,0.201668639071508,0.172103513253455,"R014"
42,"M","inland",0.130952380952381,0.148619686036937,0.20666794804634,0.176690415098947,"R014"
43,"M","inland",0.202380952380952,0.153259942755172,0.214187029472382,0.182602996630925,"R014"
44,"M","inland",0.21875,0.158550240156141,0.22483416348666,0.189278706348292,"R014"
45,"M","inland",0.17910447761194,0.163286333263691,0.235831372165486,0.196532974342059,"R014"
46,"M","inland",0.3,0.166411005990715,0.247782811155569,0.203832785991928,"R014"
47,"M","inland",0.260869565217391,0.167326749275792,0.261299377229172,0.210956695510168,"R014"
48,"M","inland",0.19047619047619,0.164229245721361,0.277087892788471,0.216668738284648,"R014"
49,"M","inland",0.166666666666667,0.155518946413831,0.299323188455837,0.220458194089166,"R014"
15,"F","inland",0.0204081632653061,0.00557338933199598,0.0232398484066308,0.0119666477015743,"R015"
16,"F","inland",0.0119047619047619,0.00955750756400927,0.026918716553594,0.0167789666166763,"R015"
17,"F","inland",0.00803212851405622,0.0158191922869334,0.0341114285232161,0.0240673887900456,"R015"
18,"F","inland",0.0491803278688525,0.0254395399507049,0.0454646422335859,0.0348104378604471,"R015"
19,"F","inland",0.0539568345323741,0.0389571125229668,0.0608994244679541,0.0496650544185753,"R015"
20,"F","inland",0.067524115755627,0.0567248448936986,0.0812987789167445,0.0686495175585125,"R015"
21,"F","inland",0.130434782608696,0.0778200951803525,0.106461619518573,0.0911849192464194,"R015"
22,"F","inland",0.151515151515152,0.0994896105925909,0.133574178871606,0.1153077791515,"R015"
23,"F","inland",0.159010600706714,0.120332912290906,0.159500172189944,0.138526195721407,"R015"
24,"F","inland",0.12589928057554,0.139042441813834,0.180296508601964,0.158431364379954,"R015"
25,"F","inland",0.208333333333333,0.15489769208015,0.194563707536911,0.17352751335051,"R015"
26,"F","inland",0.189473684210526,0.16609121148309,0.203698022137309,0.18417631836965,"R015"
27,"F","inland",0.168918918918919,0.172537345402177,0.209678996831829,0.190821616560692,"R015"
28,"F","inland",0.207430340557276,0.174925109053619,0.213532040157105,0.194907460988293,"R015"
29,"F","inland",0.204946996466431,0.176519741544604,0.216938932106078,0.197351726593456,"R015"
30,"F","inland",0.181132075471698,0.178389553973195,0.219839694650331,0.199654595830275,"R015"
31,"F","inland",0.185328185328185,0.182185397799386,0.223193532295286,0.202497476529624,"R015"
32,"F","inland",0.210526315789474,0.1870187831467,0.226892682962212,0.206678946798904,"R015"
33,"F","inland",0.236514522821577,0.192602208035084,0.231994661330636,0.212152937825099,"R015"
34,"F","inland",0.223938223938224,0.198878618200606,0.239907854863342,0.218530040498847,"R015"
35,"F","inland",0.223744292237443,0.204959796658854,0.248589662744779,0.225770405201078,"R015"
36,"F","inland",0.252173913043478,0.211539471487812,0.257628747611898,0.233353508603119,"R015"
37,"F","inland",0.262886597938144,0.217520772110547,0.266029570355901,0.240585664541256,"R015"
38,"F","inland",0.232804232804233,0.223538286829663,0.273766127132056,0.247208256435127,"R015"
39,"F","inland",0.259036144578313,0.228180199992139,0.280018853617118,0.253265383329175,"R015"
40,"F","inland",0.257668711656442,0.231061002956136,0.286046706333494,0.258383031559285,"R015"
41,"F","inland",0.225,0.233172757444288,0.291290668001365,0.262262538794292,"R015"
42,"F","inland",0.297297297297297,0.234086244165389,0.296852463712616,0.265349566755853,"R015"
43,"F","inland",0.26,0.233928448374454,0.301440721812569,0.267739781223567,"R015"
44,"F","inland",0.27,0.233506992674421,0.305533488077283,0.269545877063245,"R015"
45,"F","inland",0.316455696202532,0.23300174194158,0.308692124972684,0.270757799970591,"R015"
46,"F","inland",0.206349206349206,0.232499345333205,0.311593764394486,0.270765664975643,"R015"
47,"F","inland",0.289156626506024,0.230869160945536,0.313441370922695,0.270545836076672,"R015"
48,"F","inland",0.246913580246914,0.224641052130106,0.31747556195754,0.269426626878607,"R015"
49,"F","inland",0.294117647058824,0.210432455815571,0.330273295259524,0.267281918651876,"R015"
15,"F","fishing",0,0.0566384956804341,0.190032061676755,0.115564618945147,"R015"
16,"F","fishing",0,0.0804966599597099,0.205830402407491,0.138701142284841,"R015"
17,"F","fishing",0.205882352941176,0.112043020167533,0.226365170006082,0.166386776987342,"R015"
18,"F","fishing",0.186440677966102,0.14985465178124,0.252508853219614,0.198659889466983,"R015"
19,"F","fishing",0.264705882352941,0.19137212497738,0.283625034939687,0.235417559700173,"R015"
20,"F","fishing",0.402985074626866,0.233450533336573,0.320223748476771,0.274983143908478,"R015"
21,"F","fishing",0.383333333333333,0.276580081934753,0.359562284811256,0.316485581988907,"R015"
22,"F","fishing",0.367647058823529,0.319029837173264,0.400672949678492,0.358273991507125,"R015"
23,"F","fishing",0.414141414141414,0.36003709322967,0.440250246516499,0.398819966050166,"R015"
24,"F","fishing",0.338235294117647,0.399031612899893,0.476944129671327,0.437347010227032,"R015"
25,"F","fishing",0.538461538461538,0.435591812516284,0.511165698139384,0.47308216076444,"R015"
26,"F","fishing",0.494252873563218,0.468528774370734,0.542269190765985,0.505094141205443,"R015"
27,"F","fishing",0.575757575757576,0.497165223378912,0.568440102921717,0.533138114865765,"R015"
28,"F","fishing",0.56989247311828,0.52062856792248,0.591317771579075,0.556786615140949,"R015"
29,"F","fishing",0.636363636363636,0.540601125211609,0.610201950811065,0.576015596852965,"R015"
30,"F","fishing",0.554455445544555,0.55581557759824,0.625142391633728,0.591238615454885,"R015"
31,"F","fishing",0.575757575757576,0.566645996991061,0.636147139959087,0.602213147056509,"R015"
32,"F","fishing",0.60377358490566,0.573051852511307,0.644117257891874,0.609572835883916,"R015"
33,"F","fishing",0.573529411764706,0.57609423392722,0.649046402053539,0.61316538861157,"R015"
34,"F","fishing",0.618181818181818,0.574805061216442,0.651028165775023,0.6130240085316,"R015"
35,"F","fishing",0.650793650793651,0.569932085188691,0.649290697934296,0.609553421077394,"R015"
36,"F","fishing",0.674418604651163,0.561077182609232,0.644913142309958,0.602963785566985,"R015"
37,"F","fishing",0.685185185185185,0.549289993001602,0.636977794216499,0.593319333847761,"R015"
38,"F","fishing",0.5,0.53390536957399,0.625550586572408,0.580597074144041,"R015"
39,"F","fishing",0.583333333333333,0.515684406333622,0.612736355501135,0.565408862024655,"R015"
40,"F","fishing",0.372093023255814,0.494349490539365,0.597768639931352,0.547862116811374,"R015"
41,"F","fishing",0.647058823529412,0.47168810366681,0.582089194565792,0.528659970714895,"R015"
42,"F","fishing",0.535714285714286,0.446756729374674,0.565760819759152,0.508012734930376,"R015"
43,"F","fishing",0.444444444444444,0.41974395484233,0.549996387426322,0.486396217681016,"R015"
44,"F","fishing",0.5,0.391889459207131,0.534899232633587,0.464123400070459,"R015"
45,"F","fishing",0.318181818181818,0.363659595065484,0.523555779119186,0.442019456939194,"R015"
46,"F","fishing",0.714285714285714,0.331891009031736,0.513423044429888,0.42035273257987,"R015"
47,"F","fishing",0.454545454545455,0.300873475621793,0.507682820204657,0.399454437832286,"R015"
48,"F","fishing",0.285714285714286,0.267608642388395,0.506543361193058,0.379579407311589,"R015"
49,"F","fishing",0.375,0.234812449257559,0.51055425379194,0.359938378584233,"R015"
15,"M","inland",0.00404858299595142,0.00241724847350871,0.0124187589131365,0.00603290611370638,"R015"
16,"M","inland",0.00352112676056338,0.00376490064007352,0.013953366805778,0.00793679786351295,"R015"
17,"M","inland",0.0197628458498024,0.00581697067138302,0.016680134716338,0.0105145557635378,"R015"
18,"M","inland",0,0.00874813498105864,0.0205194819144386,0.0140865388687329,"R015"
19,"M","inland",0.0291970802919708,0.0128157960800222,0.0257315922784225,0.0188294839635746,"R015"
20,"M","inland",0.037037037037037,0.0183919301141748,0.0326322654785814,0.0250709297971851,"R015"
21,"M","inland",0.0166666666666667,0.0255581095038472,0.0413980248628121,0.0329709471502439,"R015"
22,"M","inland",0.0428571428571429,0.0339887446302577,0.0529443938388453,0.0425183979904375,"R015"
23,"M","inland",0.080952380952381,0.0438175759640958,0.0667723461396873,0.0536458892108225,"R015"
24,"M","inland",0.0802139037433155,0.0549755815081066,0.0816559024067058,0.0661012293370172,"R015"
25,"M","inland",0.103139013452915,0.0668666867906166,0.0963938993632983,0.0793872489561273,"R015"
26,"M","inland",0.110526315789474,0.0794398761418571,0.110281784370581,0.09316206495976,"R015"
27,"M","inland",0.126126126126126,0.0919699345760021,0.123683893676737,0.106476274092165,"R015"
28,"M","inland",0.0979381443298969,0.103875616837596,0.136237835457149,0.119164584365362,"R015"
29,"M","inland",0.128865979381443,0.114033540322934,0.148115712756617,0.130942805485995,"R015"
30,"M","inland",0.136612021857924,0.122964046710016,0.159039006878436,0.141442158879516,"R015"
31,"M","inland",0.122994652406417,0.13137709037152,0.168685350049331,0.150670264844435,"R015"
32,"M","inland",0.179723502304147,0.139167688507773,0.177013410270024,0.158649597289493,"R015"
33,"M","inland",0.145161290322581,0.146384773887899,0.184019914094703,0.165323360242259,"R015"
34,"M","inland",0.191082802547771,0.152221809427055,0.190383198625464,0.170635772980027,"R015"
35,"M","inland",0.203296703296703,0.156056602194392,0.195989704652811,0.174889374454241,"R015"
36,"M","inland",0.177215189873418,0.158580839359732,0.200489839424714,0.178016168489837,"R015"
37,"M","inland",0.188571428571429,0.160271211556325,0.203409120938174,0.180347130370555,"R015"
38,"M","inland",0.20253164556962,0.161452664784183,0.205244391221649,0.181944315766213,"R015"
39,"M","inland",0.169117647058824,0.162007083649452,0.206559960172197,0.183149622258973,"R015"
40,"M","inland",0.165467625899281,0.162370637480567,0.208077407029977,0.184082871404107,"R015"
41,"M","inland",0.202020202020202,0.16237482510894,0.209677092416169,0.185526914021758,"R015"
42,"M","inland",0.17741935483871,0.162313671725673,0.212344519101213,0.187164981702528,"R015"
43,"M","inland",0.185185185185185,0.163487193082812,0.215648578932323,0.189517972809064,"R015"
44,"M","inland",0.141509433962264,0.165964089259308,0.220345382318804,0.192538765328998,"R015"
45,"M","inland",0.228260869565217,0.168750047987073,0.226202835052279,0.196270489420555,"R015"
46,"M","inland",0.232876712328767,0.170725931992471,0.233686862023797,0.201121190445468,"R015"
47,"M","inland",0.20253164556962,0.170648679782264,0.245110946653846,0.206287018479289,"R015"
48,"M","inland",0.285714285714286,0.168020238891318,0.261916290168822,0.211976299087188,"R015"
49,"M","inland",0.166666666666667,0.161999539262797,0.284266463068559,0.217334696964102,"R015"
15,"M","fishing",0,0.00536465709107367,0.0632269990695538,0.0222533208831505,"R015"
16,"M","fishing",0,0.00918468220307657,0.0671923915778048,0.029086733361141,"R015"
17,"M","fishing",0,0.015527578893324,0.0762682574795457,0.0389194724815458,"R015"
18,"M","fishing",0.0512820512820513,0.0260622324200243,0.0891776543039527,0.05257886289624,"R015"
19,"M","fishing",0.0408163265306122,0.0420642121495116,0.107756667848603,0.0711049314528068,"R015"
20,"M","fishing",0.173913043478261,0.0646107967006398,0.131810041141692,0.0954472093195378,"R015"
21,"M","fishing",0.132075471698113,0.0948836778914649,0.161972425091825,0.126289955812898,"R015"
22,"M","fishing",0.153846153846154,0.13062920359484,0.198749579531354,0.163439280007803,"R015"
23,"M","fishing",0.246153846153846,0.170679270745122,0.241468986977338,0.204627668784044,"R015"
24,"M","fishing",0.294117647058824,0.213105321337039,0.286194699647456,0.247703220509674,"R015"
25,"M","fishing",0.341666666666667,0.254383518628795,0.330578741472845,0.290369378979229,"R015"
26,"M","fishing",0.3125,0.292640606338312,0.371401419184499,0.330007465040118,"R015"
27,"M","fishing",0.344827586206897,0.325766279330292,0.406620322507309,0.364596517603375,"R015"
28,"M","fishing",0.378640776699029,0.354416610288398,0.433832190060455,0.393042571862588,"R015"
29,"M","fishing",0.52,0.376906063114223,0.454380656689086,0.414727450368852,"R015"
30,"M","fishing",0.396396396396396,0.393435685443844,0.468904599583808,0.430169802555841,"R015"
31,"M","fishing",0.415584415584416,0.402841395944542,0.477730682545921,0.43956954148141,"R015"
32,"M","fishing",0.509615384615385,0.405289282824906,0.482395735449719,0.443778064585454,"R015"
33,"M","fishing",0.506493506493506,0.404047539113541,0.48345998421781,0.444045664030392,"R015"
34,"M","fishing",0.447761194029851,0.398807417890467,0.481519597817638,0.441091775713023,"R015"
35,"M","fishing",0.344827586206897,0.391745062547093,0.478166199078227,0.43631954348425,"R015"
36,"M","fishing",0.389830508474576,0.383704772580541,0.47372958742676,0.430632814649117,"R015"
37,"M","fishing",0.350877192982456,0.376919129392862,0.469011700805956,0.424786776014908,"R015"
38,"M","fishing",0.485714285714286,0.371814643842671,0.464058723585691,0.419550707627612,"R015"
39,"M","fishing",0.371428571428571,0.368779724714654,0.461300239291372,0.415081986338832,"R015"
40,"M","fishing",0.4,0.365300235698964,0.459517387720441,0.411263864348251,"R015"
41,"M","fishing",0.457142857142857,0.359306118053469,0.459888014062902,0.407244957874781,"R015"
42,"M","fishing",0.488372093023256,0.351658166675492,0.462737259747529,0.402888309567756,"R015"
43,"M","fishing",0.317073170731707,0.342078030165807,0.462328063301708,0.397271314503705,"R015"
44,"M","fishing",0.538461538461538,0.330882285863303,0.459901718207346,0.389738200341196,"R015"
45,"M","fishing",0.387096774193548,0.316731434133431,0.453068448930547,0.379828669340537,"R015"
46,"M","fishing",0.263157894736842,0.299430097698017,0.444579880522964,0.367559882898563,"R015"
47,"M","fishing",0.388888888888889,0.274161155069292,0.438017690117552,0.352379752886178,"R015"
48,"M","fishing",0.333333333333333,0.241765299554918,0.436042792842779,0.334147760551625,"R015"
49,"M","fishing",0.214285714285714,0.200588289294164,0.43939681234629,0.314863886891388,"R015"
15,"F","inland",0.00664451827242525,0.00344510186989234,0.0162138600785123,0.00798032195740839,"R016"
16,"F","inland",0.00354609929078014,0.00645385639756418,0.020086220261606,0.0119077741637532,"R016"
17,"F","inland",0.0256410256410256,0.0114614597849094,0.0264983158614155,0.0179106184528117,"R016"
18,"F","inland",0.034375,0.0193692156076951,0.0358669315492271,0.0268336584900654,"R016"
19,"F","inland",0.0431654676258993,0.0306704348679097,0.049021573875979,0.0393916675220563,"R016"
20,"F","inland",0.0784982935153584,0.0457731155520571,0.0669492377088088,0.055732365702489,"R016"
21,"F","inland",0.0761245674740484,0.0634283769759806,0.0891086400288142,0.0755090770730285,"R016"
22,"F","inland",0.110738255033557,0.0831906089982532,0.113438971360396,0.0972755057853512,"R016"
23,"F","inland",0.159010600706714,0.102830935153132,0.137558510896249,0.11915467357978,"R016"
24,"F","inland",0.139705882352941,0.121357580809677,0.158513082681471,0.139069382070742,"R016"
25,"F","inland",0.152610441767068,0.137783964074804,0.175303229051332,0.155526262459342,"R016"
26,"F","inland",0.15018315018315,0.151080943564075,0.187735543828454,0.168216501287412,"R016"
27,"F","inland",0.212927756653992,0.160421763327865,0.196401575127147,0.17731243380649,"R016"
28,"F","inland",0.18978102189781,0.165752548728214,0.202606085354411,0.183767759483534,"R016"
29,"F","inland",0.184397163120567,0.16890134816109,0.207701820354028,0.188179427953747,"R016"
30,"F","inland",0.178571428571429,0.171852392666908,0.212605877518787,0.191783451750177,"R016"
31,"F","inland",0.197026022304833,0.175454704814159,0.216712552312792,0.19547896744957,"R016"
32,"F","inland",0.204255319148936,0.179869324545037,0.221321497751549,0.199999742042198,"R016"
33,"F","inland",0.192,0.185684895212598,0.225857044115975,0.205714907655596,"R016"
34,"F","inland",0.216494845360825,0.193120102707321,0.232308911458266,0.212482588047818,"R016"
35,"F","inland",0.245967741935484,0.200615662666649,0.240775877222723,0.219808501509957,"R016"
36,"F","inland",0.240157480314961,0.207376893988712,0.249838790095095,0.227501392870543,"R016"
37,"F","inland",0.183673469387755,0.213724784871566,0.259059011349486,0.234961412138092,"R016"
38,"F","inland",0.269767441860465,0.219218379204016,0.266826667229114,0.24159540102632,"R016"
39,"F","inland",0.314432989690722,0.223947851152092,0.272740681214293,0.246827524653425,"R016"
40,"F","inland",0.221105527638191,0.226814837279872,0.276198350008947,0.250353181804335,"R016"
41,"F","inland",0.246913580246914,0.227635002144701,0.278330731509927,0.25207684119963,"R016"
42,"F","inland",0.263513513513513,0.226271151549414,0.280915644823627,0.252733759425024,"R016"
43,"F","inland",0.231481481481481,0.222979558256547,0.282611790553023,0.252418183054027,"R016"
44,"F","inland",0.247933884297521,0.219033466134264,0.28397675388207,0.251810022013984,"R016"
45,"F","inland",0.179245283018868,0.216713718779091,0.28579022137634,0.251500349113217,"R016"
46,"F","inland",0.298850574712644,0.215562697267653,0.287618186066843,0.251902885126999,"R016"
47,"F","inland",0.3,0.216172347825942,0.292684879608718,0.253478613615567,"R016"
48,"F","inland",0.228571428571429,0.212077980741206,0.305332163859117,0.256338164624608,"R016"
49,"F","inland",0.285714285714286,0.201774192966777,0.326647964121306,0.259459030150827,"R016"
15,"F","fishing",0.142857142857143,0.0662815893140638,0.212257014493606,0.134549082074105,"R016"
16,"F","fishing",0.0625,0.0880488836436024,0.222558574532337,0.153744740047469,"R016"
17,"F","fishing",0.0645161290322581,0.115093703451295,0.237377698782207,0.176128553936548,"R016"
18,"F","fishing",0.159090909090909,0.147659818021051,0.256016168819331,0.201205497754931,"R016"
19,"F","fishing",0.301587301587302,0.182645187616528,0.276885591134169,0.229103583505433,"R016"
20,"F","fishing",0.298701298701299,0.218147291975469,0.30183432020561,0.259588248048144,"R016"
21,"F","fishing",0.324324324324324,0.252799175333898,0.331662483658924,0.291165284254785,"R016"
22,"F","fishing",0.378378378378378,0.287119553803234,0.364747200489144,0.323576921103529,"R016"
23,"F","fishing",0.325301204819277,0.319666713746125,0.398202057783551,0.355484315296322,"R016"
24,"F","fishing",0.513157894736842,0.350996790484042,0.42880366593603,0.386006541484709,"R016"
25,"F","fishing",0.37037037037037,0.38095238265783,0.456168590770278,0.415448140437162,"R016"
26,"F","fishing",0.452631578947368,0.408780245377719,0.480580609679284,0.442889756434308,"R016"
27,"F","fishing",0.523255813953488,0.433818876803449,0.503761109245624,0.467859771371469,"R016"
28,"F","fishing",0.456521739130435,0.455647179949031,0.526000072403106,0.490245178116297,"R016"
29,"F","fishing",0.5,0.474304794024538,0.545380529693975,0.510311053406066,"R016"
30,"F","fishing",0.552083333333333,0.489903827604041,0.562543203795228,0.527736726242249,"R016"
31,"F","fishing",0.563380281690141,0.504095664403203,0.578143889156112,0.542838188060177,"R016"
32,"F","fishing",0.507246376811594,0.516248049738479,0.590657087686855,0.555427387592657,"R016"
33,"F","fishing",0.556962025316456,0.526936555258269,0.60085402948692,0.565695714439652,"R016"
34,"F","fishing",0.573170731707317,0.534869680801765,0.609075841104916,0.57333981668601,"R016"
35,"F","fishing",0.553846153846154,0.539208899427204,0.615125500904206,0.57847016503862,"R016"
36,"F","fishing",0.588235294117647,0.541094277503441,0.620710727798411,0.580800192749398,"R016"
37,"F","fishing",0.666666666666667,0.539437413420797,0.623246934103063,0.580436114941763,"R016"
38,"F","fishing",0.658536585365854,0.534195498731616,0.622976448400362,0.577153047686828,"R016"
39,"F","fishing",0.521739130434783,0.525523176212223,0.620269182157977,0.571468787846965,"R016"
40,"F","fishing",0.547619047619048,0.514102020103974,0.61314115497873,0.562810272335765,"R016"
41,"F","fishing",0.594594594594595,0.500207593708271,0.604390122120426,0.55151516290951,"R016"
42,"F","fishing",0.466666666666667,0.482832605396107,0.59274914387826,0.537814754785042,"R016"
43,"F","fishing",0.55,0.462609777108912,0.580310643401512,0.521833937246962,"R016"
44,"F","fishing",0.565217391304348,0.437833960700908,0.568201950477375,0.504178376198443,"R016"
45,"F","fishing",0.315789473684211,0.410268356006062,0.557428529085986,0.485230028563334,"R016"
46,"F","fishing",0.428571428571429,0.380848900553037,0.546208383611641,0.465197803884157,"R016"
47,"F","fishing",0.363636363636364,0.348462999659892,0.538120614895086,0.444318048392253,"R016"
48,"F","fishing",0.428571428571429,0.314282680034597,0.532673522618407,0.423046673688237,"R016"
49,"F","fishing",0.461538461538462,0.28096288966078,0.531485321516429,0.403298037826051,"R016"
15,"M","inland",0.00357142857142857,0.000874793635124937,0.00757291422669425,0.00315356079266841,"R016"
16,"M","inland",0,0.00147613051294589,0.0087540544880486,0.00431145204982419,"R016"
17,"M","inland",0.00326797385620915,0.00258998937682002,0.0108086428867514,0.00597789726328562,"R016"
18,"M","inland",0.00346020761245675,0.00435284961829033,0.0136377836785655,0.00839280787180137,"R016"
19,"M","inland",0.0120481927710843,0.00714459257667865,0.0175015227835377,0.0118023142925271,"R016"
20,"M","inland",0.0211864406779661,0.0111897067920455,0.0228216371366631,0.0164560461741425,"R016"
21,"M","inland",0.0414746543778802,0.0166724770281924,0.030103148470624,0.022620628066846,"R016"
22,"M","inland",0.0545454545454545,0.0233267953926127,0.0400268778081459,0.0304037127364367,"R016"
23,"M","inland",0.032967032967033,0.0312687814607198,0.0522187009299067,0.0396655946137992,"R016"
24,"M","inland",0.0544554455445545,0.0405209931687101,0.0656492737711754,0.0503728442116201,"R016"
25,"M","inland",0.0813397129186603,0.0508272013873251,0.0790547829204171,0.0622043854366857,"R016"
26,"M","inland",0.0777777777777778,0.0620512882392311,0.0920670176582831,0.0747554737691966,"R016"
27,"M","inland",0.0865384615384615,0.0736206814065221,0.104101721047803,0.087424948285585,"R016"
28,"M","inland",0.114427860696517,0.0849270223624558,0.116370397714105,0.0998335840040601,"R016"
29,"M","inland",0.123655913978495,0.095425306993652,0.12887811721923,0.111739095851935,"R016"
30,"M","inland",0.105820105820106,0.10450344783529,0.140707629676803,0.122841551771745,"R016"
31,"M","inland",0.130681818181818,0.113075438326903,0.151437445460791,0.133108304055861,"R016"
32,"M","inland",0.178807947019868,0.121620289885423,0.161072460010425,0.142226512211049,"R016"
33,"M","inland",0.125,0.129876765041192,0.169455594931507,0.150418710969534,"R016"
34,"M","inland",0.156862745098039,0.137659168361051,0.17698983997539,0.157663063941181,"R016"
35,"M","inland",0.151515151515152,0.144625219660245,0.183764842546244,0.163598249247143,"R016"
36,"M","inland",0.181818181818182,0.149389085291444,0.190390285905888,0.168562169956699,"R016"
37,"M","inland",0.184049079754601,0.152746414243684,0.196166868608411,0.17250450149489,"R016"
38,"M","inland",0.190184049079755,0.155120470776329,0.200577273552983,0.175191005368459,"R016"
39,"M","inland",0.207100591715976,0.156240533203154,0.202499240030313,0.177186601518635,"R016"
40,"M","inland",0.177215189873418,0.157020622819884,0.202872491100653,0.178331184036567,"R016"
41,"M","inland",0.155038759689922,0.157107136824478,0.203392858862743,0.179239714705315,"R016"
42,"M","inland",0.212121212121212,0.156594418402419,0.204806879133493,0.180052156865614,"R016"
43,"M","inland",0.16,0.155239851422364,0.207344278863528,0.181475924993548,"R016"
44,"M","inland",0.144067796610169,0.154779822151563,0.210768151897345,0.183564453969573,"R016"
45,"M","inland",0.178571428571429,0.157417016931504,0.215281634287677,0.186732255438073,"R016"
46,"M","inland",0.15,0.162108191362025,0.221660357858634,0.191166498791069,"R016"
47,"M","inland",0.252631578947368,0.166677777609739,0.2313979824826,0.197380358506695,"R016"
48,"M","inland",0.243243243243243,0.168046499631728,0.247560815693361,0.205157246871471,"R016"
49,"M","inland",0.222222222222222,0.165300782143647,0.272338439515078,0.213959132775251,"R016"
15,"M","fishing",0,0.0016876258055112,0.0394151863799641,0.0103003568045384,"R016"
16,"M","fishing",0,0.00338982420681907,0.0430230505262817,0.014590815559196,"R016"
17,"M","fishing",0,0.00670179367854052,0.0505696906090468,0.0211928598510715,"R016"
18,"M","fishing",0,0.012762944902085,0.0613766087621478,0.0310569862170144,"R016"
19,"M","fishing",0,0.0233739355482786,0.0775696124010264,0.0455059468937906,"R016"
20,"M","fishing",0.121212121212121,0.0405656991451652,0.0995309893146772,0.0659500493481948,"R016"
21,"M","fishing",0.148148148148148,0.0656867669194241,0.127835826788799,0.0935783682395414,"R016"
22,"M","fishing",0.1625,0.097930097320931,0.162704384054018,0.128211179312076,"R016"
23,"M","fishing",0.17741935483871,0.135470728395185,0.205644870027233,0.168002161515243,"R016"
24,"M","fishing",0.233766233766234,0.175956390345485,0.251793877914313,0.210465767534839,"R016"
25,"M","fishing",0.208955223880597,0.21551691479924,0.295512582984768,0.252721577483881,"R016"
26,"M","fishing",0.361111111111111,0.252360821289361,0.334438539338578,0.291682194981771,"R016"
27,"M","fishing",0.37719298245614,0.285824065428062,0.366210864465255,0.324872736019427,"R016"
28,"M","fishing",0.380281690140845,0.313310957691747,0.392256527648716,0.351977349203583,"R016"
29,"M","fishing",0.292452830188679,0.334593413050296,0.411772552809126,0.372434781486082,"R016"
30,"M","fishing",0.379310344827586,0.350078255005724,0.425570034517587,0.386762779141588,"R016"
31,"M","fishing",0.406593406593407,0.359873884128175,0.435419908130056,0.396776943948531,"R016"
32,"M","fishing",0.45679012345679,0.364436415974767,0.442157577480758,0.402766219296289,"R016"
33,"M","fishing",0.390804597701149,0.366019820481374,0.446517951712711,0.406027424109596,"R016"
34,"M","fishing",0.455555555555556,0.366789675759002,0.449915740646343,0.407660311046768,"R016"
35,"M","fishing",0.367647058823529,0.366981321457931,0.451745214770756,0.408817669289421,"R016"
36,"M","fishing",0.458333333333333,0.366742059397929,0.452437838730066,0.409709332103192,"R016"
37,"M","fishing",0.275862068965517,0.367058989287841,0.453396929435168,0.411152466021758,"R016"
38,"M","fishing",0.383561643835616,0.368423601923958,0.455827791461933,0.413539920693971,"R016"
39,"M","fishing",0.509090909090909,0.37072998966633,0.461222474322247,0.416704156676475,"R016"
40,"M","fishing",0.457627118644068,0.372853819337501,0.468184852357805,0.419951067655238,"R016"
41,"M","fishing",0.375,0.374020419367145,0.474638146647132,0.422914439421934,"R016"
42,"M","fishing",0.378378378378378,0.373046502826958,0.482160542760869,0.425182016056595,"R016"
43,"M","fishing",0.452380952380952,0.370512578401991,0.487162866653655,0.42620057770213,"R016"
44,"M","fishing",0.551724137931034,0.36626629403856,0.488401286505974,0.423823499412996,"R016"
45,"M","fishing",0.405405405405405,0.357889718779129,0.486318488966661,0.418376758935945,"R016"
46,"M","fishing",0.458333333333333,0.34380506704138,0.479709124442501,0.409227227842652,"R016"
47,"M","fishing",0.384615384615385,0.320185622225125,0.474866442076096,0.395512545894594,"R016"
48,"M","fishing",0.142857142857143,0.285827016782974,0.474345027619057,0.377279889651352,"R016"
49,"M","fishing",0.388888888888889,0.240963901214077,0.479488623322423,0.355836129855642,"R016"
15,"F","inland",0.0163934426229508,0.0066790044770749,0.0254727769414572,0.0135148287568569,"R017"
16,"F","inland",0.0145772594752187,0.0103664736657302,0.0266820711101816,0.0171887802475787,"R017"
17,"F","inland",0.0149253731343284,0.0156374459384192,0.0313538272058052,0.0226897815758091,"R017"
18,"F","inland",0.0409356725146199,0.0230707686320077,0.0398868793221982,0.0307972135836989,"R017"
19,"F","inland",0.0540540540540541,0.0331972162233985,0.0525127854030864,0.0421861651483747,"R017"
20,"F","inland",0.067524115755627,0.0466596971070576,0.0693678643972817,0.0573246216588182,"R017"
21,"F","inland",0.0962962962962963,0.0637838332710933,0.0897640245872204,0.0760455444545345,"R017"
22,"F","inland",0.124590163934426,0.0837393606572225,0.113179137787889,0.0976236987579172,"R017"
23,"F","inland",0.101587301587302,0.105023150539938,0.137421202348023,0.12042214964213,"R017"
24,"F","inland",0.157706093189964,0.125231376778054,0.161257205209963,0.142769600704515,"R017"
25,"F","inland",0.172077922077922,0.143377913847208,0.182066287345807,0.162391557234664,"R017"
26,"F","inland",0.177777777777778,0.158370919102614,0.198614639940171,0.177850290428097,"R017"
27,"F","inland",0.186046511627907,0.169344550562782,0.209541336185579,0.188412695486963,"R017"
28,"F","inland",0.224561403508772,0.175687969247378,0.215678271975762,0.194468218829819,"R017"
29,"F","inland",0.205211726384365,0.178376452830964,0.218511815256207,0.197071180221905,"R017"
30,"F","inland",0.191570881226054,0.178447857309657,0.218695227401501,0.197536486251886,"R017"
31,"F","inland",0.194444444444444,0.177928450709584,0.218501816229257,0.197092035990057,"R017"
32,"F","inland",0.205776173285199,0.177197146046948,0.219572596206506,0.19741514165896,"R017"
33,"F","inland",0.162162162162162,0.17848172570731,0.222928325808805,0.199975461069183,"R017"
34,"F","inland",0.228571428571429,0.182796017162839,0.227915165555819,0.205283471760581,"R017"
35,"F","inland",0.180451127819549,0.191360021099798,0.23526225231677,0.213466064680918,"R017"
36,"F","inland",0.264516129032258,0.20235295455981,0.24565247763504,0.223508012416246,"R017"
37,"F","inland",0.222222222222222,0.213073319861288,0.258301208863391,0.23458905273048,"R017"
38,"F","inland",0.280701754385965,0.22121019336454,0.272551342277741,0.245400210416111,"R017"
39,"F","inland",0.206422018348624,0.227173747459628,0.284558615511606,0.254013143461694,"R017"
40,"F","inland",0.324200913242009,0.231386130170025,0.289964117575624,0.258819418881746,"R017"
41,"F","inland",0.253886010362694,0.233348173978238,0.289954074633351,0.259747639855997,"R017"
42,"F","inland",0.247191011235955,0.231053505420179,0.285671707682702,0.257202378574349,"R017"
43,"F","inland",0.271523178807947,0.224294654670064,0.282127970337435,0.253202257813624,"R017"
44,"F","inland",0.201388888888889,0.215730544475914,0.281449520394761,0.249057746743949,"R017"
45,"F","inland",0.288135593220339,0.210186876785216,0.284021514879869,0.247505591822608,"R017"
46,"F","inland",0.180327868852459,0.21146350462668,0.289034650244272,0.250570377606035,"R017"
47,"F","inland",0.277777777777778,0.221322117286143,0.299996383498247,0.260673112394867,"R017"
48,"F","inland",0.272727272727273,0.236070256747663,0.324178298435632,0.278348952222295,"R017"
49,"F","inland",0.405405405405405,0.244089566775168,0.37616511491004,0.304282252845756,"R017"
15,"F","fishing",0.0555555555555556,0.0208129123413754,0.132510277821405,0.0625961438011743,"R017"
16,"F","fishing",0.05,0.0340263840798441,0.144231601561018,0.078988404979933,"R017"
17,"F","fishing",0.0588235294117647,0.0544912155829772,0.162643311076365,0.101474541667398,"R017"
18,"F","fishing",0.126984126984127,0.0837720599171792,0.186247704181591,0.130860626871435,"R017"
19,"F","fishing",0.186440677966102,0.122813389764782,0.215085579749522,0.167417545010858,"R017"
20,"F","fishing",0.169014084507042,0.16891197631511,0.250211602823312,0.209548178116706,"R017"
21,"F","fishing",0.337078651685393,0.217131396234667,0.296009658210955,0.254852806860451,"R017"
22,"F","fishing",0.4,0.260480963569758,0.348029107944441,0.300099901680756,"R017"
23,"F","fishing",0.39,0.300134163087875,0.392859912460861,0.342463113792047,"R017"
24,"F","fishing",0.3625,0.335534823702348,0.430171722207132,0.379925944880904,"R017"
25,"F","fishing",0.409090909090909,0.368384071232268,0.458295017500571,0.411366396538987,"R017"
26,"F","fishing",0.45045045045045,0.397155858300091,0.479477578948215,0.436988723560959,"R017"
27,"F","fishing",0.425,0.419700053305402,0.497196015647706,0.458109188298687,"R017"
28,"F","fishing",0.510416666666667,0.435033327872268,0.513157856110128,0.475833477850082,"R017"
29,"F","fishing",0.495412844036697,0.446352818367051,0.528973638163761,0.491341670054207,"R017"
30,"F","fishing",0.476190476190476,0.456192757158122,0.544651422571023,0.504872278925722,"R017"
31,"F","fishing",0.578313253012048,0.467340164358012,0.558918622791875,0.517069168067285,"R017"
32,"F","fishing",0.5,0.479890794566277,0.571480411515871,0.528931012739087,"R017"
33,"F","fishing",0.473684210526316,0.493913182538517,0.581948618927543,0.540707742152862,"R017"
34,"F","fishing",0.514285714285714,0.507088841165172,0.591932406991307,0.551996404824764,"R017"
35,"F","fishing",0.650602409638554,0.519556324173566,0.602623822604471,0.562099129957654,"R017"
36,"F","fishing",0.550724637681159,0.527616054969988,0.61371603442644,0.569757119346802,"R017"
37,"F","fishing",0.566666666666667,0.531138224583901,0.623689160560135,0.574177564089644,"R017"
38,"F","fishing",0.637931034482759,0.528921811935167,0.62838607625693,0.575169667728471,"R017"
39,"F","fishing",0.625,0.521741101331869,0.626600593078386,0.571530560682542,"R017"
40,"F","fishing",0.533333333333333,0.509817804954802,0.619510763848756,0.562966250318571,"R017"
41,"F","fishing",0.475,0.493133755974161,0.606675172798636,0.54907628383229,"R017"
42,"F","fishing",0.578947368421053,0.470041703851275,0.591134610385734,0.529863265785746,"R017"
43,"F","fishing",0.421052631578947,0.439738344202984,0.570622456911956,0.505816756707476,"R017"
44,"F","fishing",0.352941176470588,0.404940911142269,0.548531722847415,0.478248507088436,"R017"
45,"F","fishing",0.666666666666667,0.366100284004862,0.525064211264801,0.447688784471865,"R017"
46,"F","fishing",0.380952380952381,0.326059565098572,0.504745294171796,0.415615910220746,"R017"
47,"F","fishing",0.416666666666667,0.281540381063721,0.485874579889134,0.382370468190697,"R017"
48,"F","fishing",0.333333333333333,0.23432195254071,0.47268757385322,0.349623554639122,"R017"
49,"F","fishing",0.166666666666667,0.185680527597382,0.468526227424585,0.319349106362482,"R017"
15,"M","inland",0.0037593984962406,0.000528488528387587,0.00575807535413539,0.001952399308522,"R017"
16,"M","inland",0,0.000877014628332408,0.00591481436338541,0.00258894117857754,"R017"
17,"M","inland",0.0034965034965035,0.0014552983317972,0.00687836102306965,0.00351726865338037,"R017"
18,"M","inland",0.00671140939597315,0.00238565816686695,0.0087474087314297,0.00492234980556809,"R017"
19,"M","inland",0.00694444444444444,0.00381059763459362,0.0113780680263703,0.00704455091501481,"R017"
20,"M","inland",0.00347222222222222,0.0060717006008564,0.0152303021322626,0.0101730395251376,"R017"
21,"M","inland",0.0134529147982063,0.0095438192771003,0.0204558700317091,0.014697028127383,"R017"
22,"M","inland",0.0216450216450216,0.0148281163436442,0.0277087684684883,0.0209535527562266,"R017"
23,"M","inland",0.0642201834862385,0.0220682231735841,0.0375486550745436,0.0292089148724329,"R017"
24,"M","inland",0.0521327014218009,0.0311738318873609,0.0502158726952486,0.0396442041519014,"R017"
25,"M","inland",0.0387931034482759,0.0420822099112834,0.0651744515644057,0.0521612563482911,"R017"
26,"M","inland",0.0723981900452489,0.0541182607257779,0.081538681462989,0.0660806521026356,"R017"
27,"M","inland",0.0969387755102041,0.0664822206403148,0.0983042867703155,0.0806182705727169,"R017"
28,"M","inland",0.118918918918919,0.079538839378809,0.113836907813076,0.0949290231551314,"R017"
29,"M","inland",0.11734693877551,0.0921607780372104,0.127142330607113,0.108148523421796,"R017"
30,"M","inland",0.136125654450262,0.103428187550441,0.138775723641095,0.119649897836815,"R017"
31,"M","inland",0.151685393258427,0.112100146186541,0.148037279043467,0.12952772547581,"R017"
32,"M","inland",0.104651162790698,0.118622376398679,0.156402711200505,0.137593163161673,"R017"
33,"M","inland",0.109289617486339,0.123530172969506,0.163385679653846,0.144313894713841,"R017"
34,"M","inland",0.179487179487179,0.128034887822279,0.16951828178133,0.149694758986867,"R017"
35,"M","inland",0.15979381443299,0.132598392605059,0.174102004298884,0.154111482951634,"R017"
36,"M","inland",0.151376146788991,0.13738645441949,0.178424287230993,0.158099464721455,"R017"
37,"M","inland",0.134228187919463,0.142161725641719,0.18267948340772,0.161870575466199,"R017"
38,"M","inland",0.156626506024096,0.145818034186802,0.187057789511012,0.165616608909627,"R017"
39,"M","inland",0.198830409356725,0.148737701889321,0.191202980146913,0.168964209240339,"R017"
40,"M","inland",0.196078431372549,0.15136139717216,0.195993136646241,0.171961249275973,"R017"
41,"M","inland",0.197604790419162,0.153386486877163,0.19994537944815,0.174777443033163,"R017"
42,"M","inland",0.205479452054795,0.155241305955113,0.203031236410627,0.177419930651879,"R017"
43,"M","inland",0.133333333333333,0.157464142178671,0.206120115292144,0.180002728005329,"R017"
44,"M","inland",0.1796875,0.158766454804672,0.209684332169148,0.182654110549789,"R017"
45,"M","inland",0.184,0.159860836948614,0.212838524484499,0.185719975601221,"R017"
46,"M","inland",0.170940170940171,0.161568382988254,0.217120510540912,0.18873372500366,"R017"
47,"M","inland",0.165217391304348,0.162831903156529,0.223225874941779,0.192024013790024,"R017"
48,"M","inland",0.244186046511628,0.161709350711097,0.233430989609465,0.196036859413106,"R017"
49,"M","inland",0.220779220779221,0.155637617473137,0.252225754370391,0.200391778492525,"R017"
15,"M","fishing",0.0416666666666667,0.00134019037498997,0.035110439516828,0.00792640784330375,"R017"
16,"M","fishing",0,0.00219652059600227,0.0312911731259832,0.00987361785814686,"R017"
17,"M","fishing",0,0.00366156285410016,0.0324090128744572,0.0128482814080653,"R017"
18,"M","fishing",0,0.00619976981498243,0.0373529727036925,0.0172983891440293,"R017"
19,"M","fishing",0.0227272727272727,0.0103376913796271,0.0459764168378819,0.024213875417871,"R017"
20,"M","fishing",0.0232558139534884,0.0171756865453881,0.058803537273305,0.0346021060366662,"R017"
21,"M","fishing",0.0151515151515152,0.0285903218745777,0.0767746069089697,0.049863584224667,"R017"
22,"M","fishing",0.104477611940299,0.0464151618640937,0.100557364111984,0.0711869799209645,"R017"
23,"M","fishing",0.123076923076923,0.0730913618636105,0.130903937226763,0.100283172511416,"R017"
24,"M","fishing",0.179487179487179,0.107736369665555,0.168986935412213,0.136980217609021,"R017"
25,"M","fishing",0.209302325581395,0.148383670408463,0.214838042927683,0.179110889837883,"R017"
26,"M","fishing",0.263888888888889,0.191085468888551,0.265306488546401,0.224710018794906,"R017"
27,"M","fishing",0.328947368421053,0.233809201407526,0.313435811175293,0.270454177072749,"R017"
28,"M","fishing",0.343283582089552,0.274409122313004,0.356424914622909,0.312869017425206,"R017"
29,"M","fishing",0.34,0.310679611104937,0.391543138193997,0.349810467890143,"R017"
30,"M","fishing",0.421052631578947,0.342275121166143,0.419924631830482,0.379954000472244,"R017"
31,"M","fishing",0.357798165137615,0.366420130170804,0.442037506146145,0.403302442427341,"R017"
32,"M","fishing",0.448717948717949,0.38325959502747,0.458934956928416,0.42096623505197,"R017"
33,"M","fishing",0.445544554455446,0.393603239068297,0.471339970032229,0.433892390629765,"R017"
34,"M","fishing",0.411764705882353,0.400408855336,0.481081050770982,0.442395698817244,"R017"
35,"M","fishing",0.472222222222222,0.404631441185145,0.488031127128617,0.447916199048773,"R017"
36,"M","fishing",0.48780487804878,0.407125408933333,0.492063469922661,0.451066215077822,"R017"
37,"M","fishing",0.396551724137931,0.407498318889364,0.493448773250029,0.452348643218604,"R017"
38,"M","fishing",0.441558441558442,0.40699027906135,0.495001048817095,0.452307304935848,"R017"
39,"M","fishing",0.358208955223881,0.40576447324436,0.495924320846048,0.45153120365974,"R017"
40,"M","fishing",0.555555555555556,0.402907011525668,0.496530356139266,0.449501728703215,"R017"
41,"M","fishing",0.474576271186441,0.398322891630085,0.497274382643241,0.446427058577788,"R017"
42,"M","fishing",0.456521739130435,0.392621325438341,0.495931953369669,0.442089815505353,"R017"
43,"M","fishing",0.326923076923077,0.383822552979245,0.49298905117891,0.435711021432336,"R017"
44,"M","fishing",0.482758620689655,0.372694347439846,0.48870485041209,0.426901876535073,"R017"
45,"M","fishing",0.571428571428571,0.358947545707443,0.481047057006146,0.415722745157799,"R017"
46,"M","fishing",0.325,0.340057266761797,0.468439478835256,0.400983248064133,"R017"
47,"M","fishing",0.344827586206897,0.314742712864489,0.455780301708625,0.383509642513771,"R017"
48,"M","fishing",0.40625,0.27927677239391,0.449593041349087,0.362965377582394,"R017"
49,"M","fishing",0.181818181818182,0.235478245424538,0.450141974308957,0.340505649143896,"R017"
15,"F","inland",0.00613496932515337,0.00576410846576758,0.0194627839129504,0.0109606476558095,"R018"
16,"F","inland",0.0124223602484472,0.00875972850025313,0.0223220704325791,0.0144426589883869,"R018"
17,"F","inland",0.0289389067524116,0.0130400851086262,0.0267574218004833,0.0191484359653431,"R018"
18,"F","inland",0.0383561643835616,0.0187663773910634,0.0332052143526781,0.0254599869266188,"R018"
19,"F","inland",0.0128617363344051,0.0263597229788782,0.0418040000888467,0.0336760033046632,"R018"
20,"F","inland",0.0635451505016722,0.0358277870702953,0.0529078081862194,0.0440265903822686,"R018"
21,"F","inland",0.0719178082191781,0.0473454815169274,0.0665826788943991,0.0565636097441368,"R018"
22,"F","inland",0.0573770491803279,0.0607718954180315,0.0827105176946116,0.0713073401403409,"R018"
23,"F","inland",0.0928571428571429,0.0758325187978383,0.100531302470177,0.0875691497292858,"R018"
24,"F","inland",0.150501672240803,0.0915596948633204,0.119231583763609,0.104840905164864,"R018"
25,"F","inland",0.127413127413127,0.107487702643251,0.138215125800275,0.122299111101078,"R018"
26,"F","inland",0.136546184738956,0.122824104170803,0.155803035036446,0.138951581354784,"R018"
27,"F","inland",0.162361623616236,0.137348919121985,0.171707216847656,0.154141705619841,"R018"
28,"F","inland",0.13953488372093,0.150642789461585,0.184985681043194,0.167190187497612,"R018"
29,"F","inland",0.202429149797571,0.161804845324959,0.196192047351186,0.178177064751849,"R018"
30,"F","inland",0.236363636363636,0.170760694630651,0.204826075945568,0.187299183734723,"R018"
31,"F","inland",0.161290322580645,0.178006793955473,0.211925804722648,0.194653717756572,"R018"
32,"F","inland",0.224,0.183471825310921,0.218109911906787,0.200467080194931,"R018"
33,"F","inland",0.202127659574468,0.187516354764237,0.223828035788967,0.20549464642754,"R018"
34,"F","inland",0.184738955823293,0.1911194698742,0.229375500651518,0.209998391935173,"R018"
35,"F","inland",0.224409448818898,0.194794658232124,0.234314183728136,0.214444430251149,"R018"
36,"F","inland",0.18974358974359,0.199404049103797,0.238808284518801,0.219216318740652,"R018"
37,"F","inland",0.226765799256506,0.204880234550119,0.243855926994539,0.224454008303988,"R018"
38,"F","inland",0.256198347107438,0.210785224950173,0.249594122039181,0.230115260139434,"R018"
39,"F","inland",0.228699551569507,0.216943613710602,0.256429338647161,0.236180137567075,"R018"
40,"F","inland",0.231884057971014,0.222443409038057,0.264002696872152,0.242554131011272,"R018"
41,"F","inland",0.266009852216749,0.227662288896318,0.271926725912935,0.248799860715571,"R018"
42,"F","inland",0.300546448087432,0.232221190606268,0.279295670970018,0.25453038782863,"R018"
43,"F","inland",0.245901639344262,0.235752235647728,0.285245486899169,0.259419708965381,"R018"
44,"F","inland",0.24390243902439,0.238270033824646,0.289785300944,0.262900962406026,"R018"
45,"F","inland",0.303030303030303,0.239129143532502,0.291504722073891,0.264491336355892,"R018"
46,"F","inland",0.259259259259259,0.237216336828333,0.292556509153659,0.263847851592164,"R018"
47,"F","inland",0.266666666666667,0.231363315349844,0.292617380673629,0.260790639072781,"R018"
48,"F","inland",0.189189189189189,0.218326117107644,0.294878584229038,0.2553531495803,"R018"
49,"F","inland",0.289473684210526,0.199156611593536,0.300623705845262,0.247975618980023,"R018"
15,"F","fishing",0,0.0259506646317247,0.110631153176903,0.0590274114061343,"R018"
16,"F","fishing",0.125,0.0374433854595713,0.118948440618519,0.0722280790828269,"R018"
17,"F","fishing",0.075,0.0536230656994349,0.132361153316891,0.0890242676739809,"R018"
18,"F","fishing",0.104477611940299,0.0748907157405591,0.151142305724896,0.110306302497832,"R018"
19,"F","fishing",0.15625,0.102269554402273,0.174644593114714,0.136570588765756,"R018"
20,"F","fishing",0.162790697674419,0.134631947506401,0.20298146974595,0.167728492333135,"R018"
21,"F","fishing",0.189189189189189,0.171290818872902,0.236648969640058,0.203189080583872,"R018"
22,"F","fishing",0.306122448979592,0.210212488091747,0.276122761835119,0.241791353953038,"R018"
23,"F","fishing",0.311111111111111,0.248991530103451,0.320423470482862,0.281959500200569,"R018"
24,"F","fishing",0.363636363636364,0.287444315828914,0.365338414492763,0.321985156562066,"R018"
25,"F","fishing",0.387096774193548,0.324719004603773,0.406198000143013,0.360622934593252,"R018"
26,"F","fishing",0.476744186046512,0.360279566590843,0.441722824705911,0.396392643530635,"R018"
27,"F","fishing",0.415841584158416,0.393403475620928,0.470415883180651,0.428679351813493,"R018"
28,"F","fishing",0.490384615384615,0.422337312613021,0.495019179822824,0.457017776566529,"R018"
29,"F","fishing",0.417582417582418,0.446672589055348,0.516116104095649,0.481245064959351,"R018"
30,"F","fishing",0.590909090909091,0.465557316863475,0.535106147011116,0.50175232602818,"R018"
31,"F","fishing",0.477272727272727,0.479531598197641,0.553838068361525,0.519246269149039,"R018"
32,"F","fishing",0.505747126436782,0.491277162256208,0.56984010574858,0.533991020936875,"R018"
33,"F","fishing",0.535211267605634,0.502098066698617,0.582609802739514,0.546437695376191,"R018"
34,"F","fishing",0.5125,0.512025038930679,0.593108929406277,0.556351491214303,"R018"
35,"F","fishing",0.558823529411765,0.521671002644797,0.60090124775294,0.563914949845038,"R018"
36,"F","fishing",0.577464788732394,0.529174352622731,0.606757083737943,0.569477122206075,"R018"
37,"F","fishing",0.602272727272727,0.532768688961389,0.612316019177052,0.572960210876821,"R018"
38,"F","fishing",0.588235294117647,0.533640070780489,0.616103441398551,0.573817786657564,"R018"
39,"F","fishing",0.553571428571429,0.530720299737188,0.617993877050088,0.572027170864928,"R018"
40,"F","fishing",0.614035087719298,0.523820788318918,0.617357359195803,0.567265670519129,"R018"
41,"F","fishing",0.604166666666667,0.513712909593796,0.611321299311805,0.559268046439589,"R018"
42,"F","fishing",0.518518518518518,0.500773911934408,0.602644756964511,0.548168496324546,"R018"
43,"F","fishing",0.568181818181818,0.483102636028546,0.589601078333478,0.533974033631862,"R018"
44,"F","fishing",0.515151515151515,0.4599939550043,0.57472111555398,0.517062943861316,"R018"
45,"F","fishing",0.366666666666667,0.431813508034994,0.558818256611677,0.496854652940195,"R018"
46,"F","fishing",0.333333333333333,0.399544219894688,0.547511460881728,0.474803941943484,"R018"
47,"F","fishing",0.5,0.363520209211613,0.537581522922558,0.451178675198548,"R018"
48,"F","fishing",0.5,0.322516315684252,0.531626068936728,0.426189172617609,"R018"
49,"F","fishing",0.333333333333333,0.277993573965292,0.530817124695136,0.401744923673483,"R018"
15,"M","inland",0.0126984126984127,0.00254128286746196,0.0123882088225095,0.00575585937904354,"R018"
16,"M","inland",0.00303030303030303,0.003298687736181,0.0119264115098636,0.00651078877279253,"R018"
17,"M","inland",0.0031055900621118,0.00427097400248881,0.0122630370136215,0.00755709835799139,"R018"
18,"M","inland",0.00647249190938511,0.00552300911805663,0.0133438634738727,0.00889184299141409,"R018"
19,"M","inland",0.0167364016736402,0.00705913739392713,0.0153009907170754,0.0107319698061165,"R018"
20,"M","inland",0.0114068441064639,0.00902519945822112,0.0181374904268893,0.0131590607664591,"R018"
21,"M","inland",0.02,0.0115325431727104,0.0218754539322508,0.016348787112059,"R018"
22,"M","inland",0.0129310344827586,0.0148442667646567,0.0267018831693462,0.0204701367712116,"R018"
23,"M","inland",0.0386473429951691,0.0191529108386931,0.0328643197669142,0.0257188994283402,"R018"
24,"M","inland",0.0343137254901961,0.0247400598154446,0.0404779324561062,0.0323179922298563,"R018"
25,"M","inland",0.0606060606060606,0.0318096184717389,0.0495396075368593,0.0403159609623725,"R018"
26,"M","inland",0.0625,0.0403537874586711,0.0601462561887841,0.0498424220888601,"R018"
27,"M","inland",0.0382513661202186,0.0503907380191001,0.072614047326096,0.060847005925828,"R018"
28,"M","inland",0.06,0.0615417999827855,0.0863796166951469,0.0732118282052397,"R018"
29,"M","inland",0.0972972972972973,0.0733797977214195,0.1009958635487,0.0864187360371323,"R018"
30,"M","inland",0.120879120879121,0.0855671063732065,0.11607636259817,0.100051020452535,"R018"
31,"M","inland",0.133004926108374,0.0976820810606265,0.131402725122402,0.113574648530906,"R018"
32,"M","inland",0.184357541899441,0.10927315932831,0.145413932262381,0.126324703738883,"R018"
33,"M","inland",0.128654970760234,0.119999540791775,0.157533783456426,0.137764759826111,"R018"
34,"M","inland",0.117647058823529,0.129559656937535,0.167524331875066,0.14761173562021,"R018"
35,"M","inland",0.175141242937853,0.137690736847752,0.175185199419086,0.155445296829972,"R018"
36,"M","inland",0.123188405797101,0.143367733807546,0.181101400077101,0.161428643402615,"R018"
37,"M","inland",0.186046511627907,0.14696066113551,0.184794933921995,0.165607727921176,"R018"
38,"M","inland",0.164634146341463,0.148751530714156,0.187387317148046,0.168127113835866,"R018"
39,"M","inland",0.153846153846154,0.149153419024142,0.189365177499433,0.169390274069946,"R018"
40,"M","inland",0.179190751445087,0.148675135056028,0.190626657087176,0.169591998789051,"R018"
41,"M","inland",0.188679245283019,0.148084049649605,0.190706374938207,0.169137955532515,"R018"
42,"M","inland",0.157894736842105,0.146879405218878,0.190259245520888,0.168248743819767,"R018"
43,"M","inland",0.122448979591837,0.145925793051967,0.189521779689419,0.167120583496806,"R018"
44,"M","inland",0.166666666666667,0.145207135651594,0.188608675718955,0.16596022509633,"R018"
45,"M","inland",0.161073825503356,0.144259029579589,0.18795265196717,0.165128397876615,"R018"
46,"M","inland",0.184210526315789,0.142755809629017,0.188615045469788,0.164526685947118,"R018"
47,"M","inland",0.19327731092437,0.139483822958041,0.191501993938545,0.164147259236598,"R018"
48,"M","inland",0.161616161616162,0.134270738048197,0.198070371662952,0.163813250123203,"R018"
49,"M","inland",0.161290322580645,0.127461706383332,0.208207654652495,0.163855106171337,"R018"
15,"M","fishing",0,0.000941935995290356,0.0226456472913994,0.00531366496187433,"R018"
16,"M","fishing",0,0.00162737687482384,0.0223430805417951,0.00703807040546361,"R018"
17,"M","fishing",0,0.00280709157830843,0.0242366096333197,0.00956016192081715,"R018"
18,"M","fishing",0,0.00489921433598128,0.0282949847893856,0.0133665339382117,"R018"
19,"M","fishing",0.037037037037037,0.00841393044341136,0.0352192127133181,0.0190387623257685,"R018"
20,"M","fishing",0.0147058823529412,0.01440684960496,0.0453602323972647,0.0275143728094196,"R018"
21,"M","fishing",0.0847457627118644,0.0240415636752151,0.0595542313210858,0.0397302614941073,"R018"
22,"M","fishing",0.0845070422535211,0.0384407655530425,0.0791714156584456,0.0571490358451355,"R018"
23,"M","fishing",0.0804597701149425,0.0590649458737903,0.104747322059628,0.0806851970806287,"R018"
24,"M","fishing",0.05,0.0869438855203593,0.137412857283678,0.111069418445259,"R018"
25,"M","fishing",0.242424242424242,0.12119771732752,0.176601173728777,0.147742336277554,"R018"
26,"M","fishing",0.181818181818182,0.16074949834113,0.22191154895353,0.189703596376905,"R018"
27,"M","fishing",0.3,0.202862853357103,0.26978335020319,0.234518549888083,"R018"
28,"M","fishing",0.273684210526316,0.245680480740093,0.315714861522939,0.279144873696078,"R018"
29,"M","fishing",0.367816091954023,0.285546830210031,0.358614002135467,0.32121041507496,"R018"
30,"M","fishing",0.371621621621622,0.321993155581624,0.396163524579969,0.358187968132273,"R018"
31,"M","fishing",0.396039603960396,0.352807170003985,0.426569757415243,0.38927482068947,"R018"
32,"M","fishing",0.382022471910112,0.378661427231447,0.450332316588614,0.413665217635594,"R018"
33,"M","fishing",0.418367346938776,0.396905634463121,0.46799597982265,0.432055057563467,"R018"
34,"M","fishing",0.490740740740741,0.408404530911923,0.481026938571609,0.445032469229143,"R018"
35,"M","fishing",0.534883720930233,0.414296493721418,0.489647408860625,0.453084892515814,"R018"
36,"M","fishing",0.420289855072464,0.416038564727525,0.495253571039288,0.457501270561828,"R018"
37,"M","fishing",0.477477477477477,0.416310080274491,0.497975785025275,0.459084310987896,"R018"
38,"M","fishing",0.418918918918919,0.414105002966367,0.499227599385318,0.459202383568107,"R018"
39,"M","fishing",0.434782608695652,0.411927527350922,0.499528951153102,0.458624173588349,"R018"
40,"M","fishing",0.37037037037037,0.411534767722086,0.499127912041567,0.457968807457631,"R018"
41,"M","fishing",0.403508771929825,0.412115599436285,0.499877637943844,0.457421465660394,"R018"
42,"M","fishing",0.514285714285714,0.413366239386389,0.50146162602896,0.457219466866812,"R018"
43,"M","fishing",0.492753623188406,0.413302079187561,0.504042108737784,0.457238287556232,"R018"
44,"M","fishing",0.481481481481481,0.410717467042536,0.508876565589406,0.456323087852397,"R018"
45,"M","fishing",0.436363636363636,0.404928210107098,0.513033016128973,0.453782691890576,"R018"
46,"M","fishing",0.533333333333333,0.395100929463848,0.511289079713526,0.449431201663933,"R018"
47,"M","fishing",0.5625,0.379821564934715,0.506619141803698,0.441474197458916,"R018"
48,"M","fishing",0.3,0.354845633005826,0.507216754535176,0.429260266322054,"R018"
49,"M","fishing",0.35,0.313219808361203,0.514729308424194,0.41330273163732,"R018"
