"Sex","round_label","age","incidence","lb","ub"
"Female",10,15,0.0110835230306262,0.00570724518408668,0.0199231754109946
"Female",10,16,0.0119198761193739,0.00714243846968022,0.0191844524578331
"Female",10,17,0.012884227114933,0.00867866847717997,0.018666989913712
"Female",10,18,0.0138569778430026,0.0101448879103832,0.0185963777460963
"Female",10,19,0.0148093952392514,0.0115114331111324,0.0189437660971218
"Female",10,20,0.015597246077085,0.0125144924328842,0.019338620999146
"Female",10,21,0.0161207230937778,0.0130999490234688,0.0197380202092794
"Female",10,22,0.0164339098958665,0.0133935751615261,0.0200684722272839
"Female",10,23,0.0164880887512037,0.0134488449775318,0.0201684709488991
"Female",10,24,0.0164225234562767,0.0133837282414404,0.0199890256487976
"Female",10,25,0.0161534054738035,0.0132665305027338,0.0197472149612575
"Female",10,26,0.0158463964605696,0.0129948531054533,0.0193518018858993
"Female",10,27,0.0154539962019499,0.0126547688642709,0.0189227386516573
"Female",10,28,0.0150502483365806,0.0122840496303244,0.0185354622628698
"Female",10,29,0.0147163922180244,0.0119076040452818,0.018222294526435
"Female",10,30,0.0144249104462711,0.0115076773114171,0.0181300807249397
"Female",10,31,0.014190067732521,0.0111867272000969,0.0180282313997988
"Female",10,32,0.0140100211628365,0.0109292487569862,0.0179805823756832
"Female",10,33,0.0137716230413987,0.0106030360616549,0.0178470341765345
"Female",10,34,0.0134555958234549,0.0102463832184024,0.0176070825551719
"Female",10,35,0.0130294080161518,0.00979242690141663,0.0171271839469771
"Female",10,36,0.0124153839008628,0.00927453535489072,0.0165575415994385
"Female",10,37,0.0117040201907787,0.0086065559177486,0.0159464465238066
"Female",10,38,0.0108935551366623,0.00791435385789955,0.0150931489683081
"Female",10,39,0.0100670155053631,0.00719739173894503,0.0141453652183408
"Female",10,40,0.00929465541759919,0.00651236329050039,0.0132262382837003
"Female",10,41,0.0085833592790114,0.00593224627084804,0.0123629054199428
"Female",10,42,0.00796128705914927,0.00548130991438701,0.0116293506588529
"Female",10,43,0.00743301009332233,0.00500746720622685,0.0109466999882033
"Female",10,44,0.00696000811929203,0.00451916137396268,0.0105496791834867
"Female",10,45,0.00651527327802248,0.00403140157077988,0.0103126890165366
"Female",10,46,0.0061346123291992,0.00349397252163959,0.0103089291602593
"Female",10,47,0.00573268840728515,0.00297170606318799,0.0106420390329308
"Female",10,48,0.00535781847988425,0.0024171445194766,0.0110811208200974
"Female",10,49,0.0050001828679813,0.00197507444292621,0.0119240595534197
"Female",11,15,0.00996658132445108,0.00533397107057848,0.0176447347594039
"Female",11,16,0.0108938552254186,0.00672915621161864,0.017181772598307
"Female",11,17,0.0119966979181961,0.00822592624034202,0.0171078432089362
"Female",11,18,0.0130797215774794,0.00967825963822796,0.0174740525508284
"Female",11,19,0.0141593860714315,0.0109803986877627,0.0180447719993605
"Female",11,20,0.0150631852926625,0.0120200504215991,0.0187664054651981
"Female",11,21,0.0157386895500695,0.0127120784683,0.0194157130335851
"Female",11,22,0.0161601000237429,0.0131166122114655,0.019802043546874
"Female",11,23,0.0163292268078842,0.013314320322745,0.0200049291038451
"Female",11,24,0.0162533820239283,0.013303272308482,0.0198097679653883
"Female",11,25,0.016026734261856,0.0131668026490498,0.0194991574081548
"Female",11,26,0.0156853683145957,0.012946021937872,0.019024136688178
"Female",11,27,0.0152615130158027,0.0125750086249743,0.0184952142649173
"Female",11,28,0.0148286604706287,0.0121639867051424,0.0180349661893206
"Female",11,29,0.0144188885664945,0.0117681800953485,0.0176485120519001
"Female",11,30,0.014113091032065,0.0113864248950316,0.0174710499569539
"Female",11,31,0.0138542052439805,0.0110965834110679,0.0173441826065434
"Female",11,32,0.0136737354682934,0.0107990788681158,0.0172668021232131
"Female",11,33,0.0134770834700188,0.0105559113584057,0.0171657262365983
"Female",11,34,0.0132586202782194,0.0103105232975956,0.0169653983530288
"Female",11,35,0.0129270029081235,0.00994957684117841,0.0167781496974571
"Female",11,36,0.0124797524322149,0.00948198037033584,0.0164012308149471
"Female",11,37,0.0118880023404211,0.00890415309222909,0.0158975842823255
"Female",11,38,0.0112612125571759,0.0082713764252072,0.0152523416212851
"Female",11,39,0.0106122505358961,0.00764474532208236,0.0146760878278699
"Female",11,40,0.00998469101958167,0.00708617290450367,0.0140536294786749
"Female",11,41,0.00942070079945569,0.00661093995151129,0.0133578677681153
"Female",11,42,0.00896086813857165,0.00626501566634897,0.0128259452650611
"Female",11,43,0.00857731821499206,0.00594830002683944,0.0123144049840366
"Female",11,44,0.00822938947131515,0.00562757648496686,0.012069987292837
"Female",11,45,0.00793396752160815,0.00524341187359441,0.0119467438198501
"Female",11,46,0.00765787054434189,0.00479489086195468,0.0121220984289801
"Female",11,47,0.00738131782478386,0.00425403262847776,0.0126640565717908
"Female",11,48,0.00711689894923618,0.0036836139771565,0.0136068490046672
"Female",11,49,0.00687307762477609,0.00308830598467075,0.0148112475404152
"Female",12,15,0.00877937842206949,0.00466904941953252,0.0159614430445508
"Female",12,16,0.00983669283165166,0.00595072667460052,0.0159360906496847
"Female",12,17,0.0110837784758215,0.0074325487349615,0.0161665085545858
"Female",12,18,0.0124006717463929,0.0089609055773511,0.0169826041558641
"Female",12,19,0.0136691796066753,0.0103671865578678,0.0178883578465712
"Female",12,20,0.0148166124953729,0.0115767252963016,0.0189366194261185
"Female",12,21,0.0157428147143603,0.0124343861672256,0.0198437590094674
"Female",12,22,0.016301686737947,0.012902366214587,0.0205026812645643
"Female",12,23,0.0165680897901204,0.0131508915663726,0.0206906144957094
"Female",12,24,0.0164599832604118,0.0131648647806045,0.0203973830631103
"Female",12,25,0.0161438235215832,0.0130081609082733,0.0198458150336354
"Female",12,26,0.0156139612193531,0.0126897625545268,0.0190948507634763
"Female",12,27,0.0149382348058577,0.0121933344920499,0.0182361578256465
"Female",12,28,0.0142736792329267,0.0115536521024182,0.0174381769438609
"Female",12,29,0.013641690514636,0.011002625918913,0.016885658159657
"Female",12,30,0.0131151447784427,0.010442192670207,0.0164163193177749
"Female",12,31,0.0127121417023275,0.0100284393161479,0.0161279108325916
"Female",12,32,0.0123899646240486,0.00967781386543831,0.0158741964560777
"Female",12,33,0.0121353186674921,0.00946108187710207,0.0156416259532869
"Female",12,34,0.0119046420398416,0.00919702263072696,0.0154046271709776
"Female",12,35,0.0116107824465063,0.00888035991875043,0.0151838980582198
"Female",12,36,0.0112739492735808,0.00855978546273015,0.014926334851812
"Female",12,37,0.0108539289797393,0.00806367745110809,0.0146987628417318
"Female",12,38,0.0104474606295146,0.00756150899278731,0.0144376968190232
"Female",12,39,0.0100049721945968,0.00707846608009212,0.0141648050088589
"Female",12,40,0.00965703826496815,0.00669350382831686,0.0138874083025573
"Female",12,41,0.00938036158231687,0.00640624164348629,0.0136580997520421
"Female",12,42,0.0091794487055015,0.00623396816707184,0.0134655280844179
"Female",12,43,0.00909041093861077,0.00617087924939915,0.0133551748811759
"Female",12,44,0.00906767696494973,0.00609839697229674,0.0134359903272383
"Female",12,45,0.00907486916733878,0.00595760160187857,0.0138580940025416
"Female",12,46,0.00914512631238152,0.00573660793964956,0.0146416738651012
"Female",12,47,0.00920071837456402,0.00534646182046181,0.0160127945467571
"Female",12,48,0.00925550719330389,0.00483393893598957,0.017818456587273
"Female",12,49,0.00932376369281602,0.00426446313322804,0.0203765648232559
"Female",13,15,0.00769182909327606,0.00433004194719414,0.0131966147874414
"Female",13,16,0.00891754650369575,0.00568089571874781,0.013783404044348
"Female",13,17,0.0103388122294107,0.00721706412418559,0.0146412322261736
"Female",13,18,0.0118920900256759,0.00888201968092992,0.0158223551350389
"Female",13,19,0.0134713476393592,0.0104884081390602,0.0172594867247851
"Female",13,20,0.0148975330298627,0.0118731221441699,0.0187413052978516
"Female",13,21,0.0160484608302341,0.0129033838025101,0.0200251851080612
"Female",13,22,0.0168177480524083,0.0135538704266338,0.0209089484394349
"Female",13,23,0.0170974129626696,0.0138273575843368,0.0211564859682258
"Female",13,24,0.0169088371967402,0.0137718355722776,0.0207699777784077
"Female",13,25,0.01635403090387,0.013378124837145,0.0199287736196242
"Female",13,26,0.0154805541808074,0.012767970104478,0.0187192465452613
"Female",13,27,0.0144566970861669,0.0119429155086762,0.0174918275387376
"Female",13,28,0.0134166788781693,0.0110588940519573,0.0162404933829515
"Female",13,29,0.0124690571234089,0.0101923125822067,0.015188766972857
"Female",13,30,0.0116308157931535,0.00943485424612972,0.0142884168032831
"Female",13,31,0.0109550157761969,0.00876166588759801,0.0136014357336157
"Female",13,32,0.0104186226981377,0.00828453607560732,0.0130757424054886
"Female",13,33,0.0100155427019385,0.00791696195735562,0.0126560084763766
"Female",13,34,0.0096695010149274,0.00757650608060452,0.0123346147767584
"Female",13,35,0.0093574983582312,0.00725887202584129,0.0120201193898712
"Female",13,36,0.00904501115789447,0.00693838425634008,0.0117443562280019
"Female",13,37,0.00873007978263889,0.00656954420647348,0.0115021992883562
"Female",13,38,0.00844555955254869,0.00622717655735662,0.0113337953544846
"Female",13,39,0.0082110775182581,0.00596231732263929,0.0112254104058764
"Female",13,40,0.00803653725443041,0.00571940979075924,0.011202195542431
"Female",13,41,0.008005330158933,0.00561274116554757,0.0112729436116386
"Female",13,42,0.00805190346510784,0.00562256115883701,0.0114251979703
"Female",13,43,0.00826514358694682,0.00571892144233518,0.0118006977918231
"Female",13,44,0.00854370081609419,0.00587066010591775,0.0123490184579711
"Female",13,45,0.00891495925869975,0.00601118137067787,0.0132641950040927
"Female",13,46,0.0093683707377942,0.00601347820347778,0.0146249974082403
"Female",13,47,0.00983504600341725,0.0058940026598615,0.0164231786155865
"Female",13,48,0.0104161868391857,0.00568977684342112,0.0191157620947027
"Female",13,49,0.0109832948773138,0.00529104091678321,0.0228891589396149
"Female",14,15,0.00649439771002537,0.00369363191210256,0.011226760334127
"Female",14,16,0.00775976883177436,0.00493299794379113,0.0120660874529442
"Female",14,17,0.0092900063385071,0.00654620106175547,0.0131679489958481
"Female",14,18,0.0109888022902006,0.00827236054542465,0.0146263503889598
"Female",14,19,0.0127863832384325,0.00994907954577466,0.0164298205014474
"Female",14,20,0.0144713712290111,0.0114964636737184,0.0182075633752345
"Female",14,21,0.0158559104367455,0.012688027220888,0.0197267338077472
"Female",14,22,0.0167775681347048,0.0134371668411348,0.0208229225400393
"Female",14,23,0.0171292238831351,0.013751695219903,0.0211774254424695
"Female",14,24,0.0168412530383592,0.0136361161207351,0.0206999873223724
"Female",14,25,0.0161070041318781,0.0131566221065374,0.0196233399512435
"Female",14,26,0.0149796449286896,0.0123438876972821,0.0181791097126448
"Female",14,27,0.0136800768345248,0.0113262140262222,0.0165294453873788
"Female",14,28,0.0123619884822564,0.0101827103947671,0.0149517372754012
"Female",14,29,0.0111691940740162,0.00910702917071126,0.0136216267164588
"Female",14,30,0.010114023155143,0.00814914544483382,0.012522632804608
"Female",14,31,0.00926356742881903,0.00737642069686565,0.0116226725278657
"Female",14,32,0.00859532996950399,0.00673765167179577,0.0109336116832551
"Female",14,33,0.00807205922339961,0.00628879484327757,0.0104267699287994
"Female",14,34,0.00765893919060084,0.00591335209079333,0.00996424976797601
"Female",14,35,0.00730587555104719,0.00560904236938336,0.00961359938983127
"Female",14,36,0.00698894216058886,0.00530777349486916,0.00925807304113585
"Female",14,37,0.00671511784358936,0.0050399333483904,0.00898028116304097
"Female",14,38,0.00647848419237583,0.00478663388047155,0.00883117435621552
"Female",14,39,0.00632964378597489,0.00458555710837479,0.0086790000350093
"Female",14,40,0.00626710247285914,0.00444892236956201,0.0086950397073449
"Female",14,41,0.00629647771849408,0.00442303903682823,0.00883683289450277
"Female",14,42,0.00646420422139005,0.00450529580348873,0.00915644591367551
"Female",14,43,0.00676620681422984,0.0046718026383375,0.00961074995666096
"Female",14,44,0.00716645130255386,0.00489068818577751,0.0104186573062942
"Female",14,45,0.00769883507350645,0.00512254747970797,0.011572582830701
"Female",14,46,0.00834004044641323,0.00531105640630363,0.013189656108217
"Female",14,47,0.00905588925955327,0.00532028794710588,0.0154812191235853
"Female",14,48,0.00988365584319588,0.00523911895303429,0.0184943279050957
"Female",14,49,0.010828344913149,0.00507799772170594,0.0230691051472585
"Female",15,15,0.00505188118228203,0.00266046865248096,0.00930732929394846
"Female",15,16,0.00619316673885199,0.00371450423776277,0.0101456200962884
"Female",15,17,0.00757606745423242,0.00509739742184707,0.011272381483561
"Female",15,18,0.00919911664404957,0.00666122973647169,0.0127145490898479
"Female",15,19,0.0109447741797483,0.00829973608402926,0.0144334726956754
"Female",15,20,0.0126419175237868,0.00984210663802028,0.0162432844977594
"Female",15,21,0.0141165110199935,0.0110220071991371,0.0178484116482148
"Female",15,22,0.0151767822787647,0.0118264097997247,0.019148685405187
"Female",15,23,0.0156385822854176,0.012251597796904,0.0196783745043348
"Female",15,24,0.015518380688718,0.0122476646460704,0.0194559074997247
"Female",15,25,0.0148418450099195,0.0118142024762627,0.0184349072820819
"Female",15,26,0.0137941847363227,0.0111263600329827,0.0170384890978494
"Female",15,27,0.0125356678685071,0.0101842396054,0.0154732003885474
"Female",15,28,0.0112698162941265,0.00909362323520527,0.0139108828405326
"Female",15,29,0.0100827998021361,0.00802349868551631,0.0125942955042832
"Female",15,30,0.00906262533564644,0.00706272157030372,0.0115092814081862
"Female",15,31,0.00818371153885393,0.00630631222195111,0.0105827060522612
"Female",15,32,0.00752137343244359,0.00571277805820027,0.00990609802454757
"Female",15,33,0.00697548863600111,0.00525456922646127,0.00931310639305742
"Female",15,34,0.00655156288880124,0.00490021132655114,0.0088188879596023
"Female",15,35,0.00618686452037883,0.00460364516625492,0.00843739073649026
"Female",15,36,0.00586659657784577,0.00432884395063425,0.00806235220036587
"Female",15,37,0.0055875351495447,0.00405369216104545,0.00781441991647273
"Female",15,38,0.00535284665859226,0.00381971778415752,0.00753241367867649
"Female",15,39,0.00520086489775432,0.0036416365598279,0.00744515249353369
"Female",15,40,0.00511300046424522,0.00351635867845063,0.0073870282461798
"Female",15,41,0.005135566652822,0.00348403164355479,0.00750556194936094
"Female",15,42,0.00525383148401125,0.00353059892465934,0.00771915570483279
"Female",15,43,0.00550232249473663,0.00366410279051088,0.00811151892767018
"Female",15,44,0.0058252182867298,0.00381172965726378,0.00878187865895084
"Female",15,45,0.00625711004152043,0.00399057135345625,0.00977373007593605
"Female",15,46,0.00677246096144234,0.0040841563809401,0.0113004154403377
"Female",15,47,0.00735377357383886,0.00408317490818994,0.0133912194403961
"Female",15,48,0.00807952154955512,0.00402539129681066,0.016410845810395
"Female",15,49,0.00882062749155876,0.00386369117017172,0.02037752918825
"Female",16,15,0.00346899393877792,0.00179822382862581,0.00643438849637901
"Female",16,16,0.00430701645579818,0.00255153007526763,0.00710988767740467
"Female",16,17,0.0053844212706897,0.00356057824893073,0.00803382041612016
"Female",16,18,0.00660714404692655,0.0047583778950754,0.00920747178521177
"Female",16,19,0.00800581694370853,0.00604377740849372,0.0105691336765282
"Female",16,20,0.00939539371028356,0.00733724409456227,0.012064963022617
"Female",16,21,0.0106921135436354,0.00846057072570156,0.0134991879753594
"Female",16,22,0.0117053245450446,0.00930667912808122,0.0146897714581928
"Female",16,23,0.0123401338020315,0.00982302535916928,0.0155144586388439
"Female",16,24,0.0125381883614934,0.0100082241896613,0.0156948963811415
"Female",16,25,0.0123159755627333,0.00989212055938932,0.0153140756631487
"Female",16,26,0.0117384444047855,0.00949386394230572,0.0144970692612046
"Female",16,27,0.0109628125046875,0.00886048226416073,0.0135482827354389
"Female",16,28,0.0101017397376683,0.00814077929834303,0.0124944970403405
"Female",16,29,0.00924494877308452,0.00737198650337887,0.0115505474206137
"Female",16,30,0.00849018049172561,0.00666979507709805,0.0106939357242887
"Female",16,31,0.00782971598892715,0.00609022299905268,0.0100837122194996
"Female",16,32,0.00729342534021884,0.00561928225271864,0.00941725889192668
"Female",16,33,0.00684286107982485,0.00524981153779405,0.00894159607330482
"Female",16,34,0.00646631150716742,0.00492878777865804,0.00850037913643078
"Female",16,35,0.00611268372047946,0.00461381274890559,0.00806237854271359
"Female",16,36,0.00576971393589477,0.00434231561886674,0.00767714451532748
"Female",16,37,0.00546239576470466,0.00404078727889499,0.00735839265683511
"Female",16,38,0.00517474330298412,0.00377048070493031,0.00707173311801962
"Female",16,39,0.00492281852948289,0.00353937792347415,0.0068453229412579
"Female",16,40,0.0047565547246304,0.00334942449932114,0.00673060684958355
"Female",16,41,0.00465432985303455,0.00322291240310939,0.00666936434573332
"Female",16,42,0.00464543609539037,0.00317997589751416,0.00670107848997794
"Female",16,43,0.00470551901642409,0.00319030344282249,0.00686069599360831
"Female",16,44,0.00483070536383827,0.00319461306019582,0.00719567890496503
"Female",16,45,0.00500553494637702,0.00319901192250528,0.00775991028321411
"Female",16,46,0.00522674761249866,0.00314264262221254,0.0085879348327509
"Female",16,47,0.00545033693608214,0.00302301598483813,0.00980303546329648
"Female",16,48,0.0057367725846469,0.00282633285223955,0.0115197800018765
"Female",16,49,0.00604331983599656,0.00261332795426222,0.0137568186121707
"Female",17,15,0.0021575936692469,0.00100135965760033,0.00457351090627238
"Female",17,16,0.00270409539908684,0.00144680750059116,0.0050962796861218
"Female",17,17,0.00340602050973381,0.00201591074878743,0.00575870813470845
"Female",17,18,0.00423942003757,0.0027614259049301,0.0065541673939108
"Female",17,19,0.00517147976712484,0.00357047923402377,0.00750072608562803
"Female",17,20,0.00617696744246182,0.00448572582435547,0.00850965703496533
"Female",17,21,0.0071628672768231,0.005330234040808,0.0095893263652248
"Female",17,22,0.00804807686797743,0.00610695846214968,0.0105373643521977
"Female",17,23,0.00873505940203863,0.00669826724027172,0.0113231791729064
"Female",17,24,0.00920480288869036,0.00712636666520536,0.0118478803178514
"Female",17,25,0.00941830810254202,0.007357804464611,0.0120567722770238
"Female",17,26,0.00943495927892633,0.00742231827320288,0.0119493370982191
"Female",17,27,0.00924833976723855,0.00725685233730296,0.0117174872688824
"Female",17,28,0.00896544472965392,0.00704176125520265,0.0113666264797922
"Female",17,29,0.00862161755947697,0.00675292498678441,0.010965624208694
"Female",17,30,0.00827729170506853,0.00645420674386777,0.0106113944072443
"Female",17,31,0.00795503876299422,0.00619152086998261,0.0102409714523943
"Female",17,32,0.00767762119243745,0.00592978325870361,0.00991151879806304
"Female",17,33,0.0073940310674833,0.00572473041026329,0.00957562084568781
"Female",17,34,0.00711127029054391,0.00547857924899128,0.00923481601451902
"Female",17,35,0.00679079912374908,0.00521749034324707,0.00882825353913996
"Female",17,36,0.00642276405800917,0.00492490540007437,0.00840775894896142
"Female",17,37,0.00603993673102927,0.00456255963780684,0.00798770191987479
"Female",17,38,0.00563445550794804,0.00418426227512172,0.00755539611179112
"Female",17,39,0.0052469752830053,0.00383154139507398,0.00714814288787238
"Female",17,40,0.00491086172881458,0.00349014997530507,0.00683538109076647
"Female",17,41,0.004610245501794,0.0032309186561343,0.00652937955363427
"Female",17,42,0.00439509555942309,0.00301228792593499,0.00634300114433561
"Female",17,43,0.00421138255668964,0.00279581409531075,0.00626051606140418
"Female",17,44,0.00407692161899105,0.00260177618938377,0.00631972798206816
"Female",17,45,0.00396649441340819,0.00237685515113838,0.00649658522816091
"Female",17,46,0.00387446015788167,0.00214327912796042,0.00682930987172061
"Female",17,47,0.00377586269738252,0.00188861776051707,0.00735100850804784
"Female",17,48,0.00368939513778945,0.00161986414266887,0.00814753861840431
"Female",17,49,0.00361386774206587,0.00137849403006641,0.00920782623566312
"Female",18,15,0.00129570525602548,0.000422326023239029,0.00400512364285453
"Female",18,16,0.00163657542010223,0.000634499219884917,0.00428208195063151
"Female",18,17,0.00206065225128748,0.000914070889716579,0.00473187157667379
"Female",18,18,0.00257502876184313,0.0013005551216569,0.0052688637706912
"Female",18,19,0.00317954981447535,0.00176758289674241,0.00590317648582911
"Female",18,20,0.00386605703560299,0.00230398616814355,0.00657987876115519
"Female",18,21,0.00456725063061891,0.00287580701682474,0.00735470513911793
"Female",18,22,0.00526666389527548,0.00342167455140892,0.008112149152689
"Female",18,23,0.00592765817673753,0.0039399691377797,0.00886792138444148
"Female",18,24,0.00653801003167383,0.00440016528661136,0.00956633716169988
"Female",18,25,0.00702868700927145,0.00482873255323703,0.0101053645265649
"Female",18,26,0.00744269262924277,0.00518336582747419,0.0106379808651737
"Female",18,27,0.00774720367105758,0.00547457307514142,0.0109096519419324
"Female",18,28,0.00800184670303125,0.00569762799118684,0.0112422129863124
"Female",18,29,0.0081992659105888,0.00577145518512718,0.0115657995892711
"Female",18,30,0.00835347305770404,0.00582780334127212,0.0118631064254548
"Female",18,31,0.00847475486544638,0.00582172239609227,0.0121208310306823
"Female",18,32,0.008550903466165,0.00581251166591418,0.0122257357689946
"Female",18,33,0.00853712539168303,0.00577758277215522,0.012204032011983
"Female",18,34,0.00840049823459978,0.00568646674146496,0.0120515376117089
"Female",18,35,0.00812505513889715,0.00549244471210432,0.0116892603733732
"Female",18,36,0.00770841671628598,0.00519542466738941,0.0112462144074164
"Female",18,37,0.00720615688672076,0.00481832658604536,0.0106953814632892
"Female",18,38,0.00659595233989468,0.00434093985457516,0.00996956792637078
"Female",18,39,0.00597876690064042,0.00386347126178222,0.00926890541137699
"Female",18,40,0.00538229419253138,0.00336862023302272,0.00855286538722367
"Female",18,41,0.00485310154323059,0.0029450086321931,0.00790844456467726
"Female",18,42,0.00435579319559164,0.00255453325190612,0.00727609716623494
"Female",18,43,0.00391431138696989,0.00218420142869277,0.00684442870610922
"Female",18,44,0.00353837224327971,0.00183634921038151,0.00662426104819792
"Female",18,45,0.00318083731779954,0.00149316124187774,0.0065373539789153
"Female",18,46,0.00285944143916795,0.00117588574524214,0.00659214754475158
"Female",18,47,0.00255936897245659,0.000916534072920623,0.00680073059999763
"Female",18,48,0.00228789287922699,0.000679208444321313,0.00720109676828684
"Female",18,49,0.00206108444407929,0.000505024860753288,0.00773491064719569
"Male",10,15,0.00178548794132547,0.000639330915067674,0.00388965587334052
"Male",10,16,0.00252498377689024,0.00121135745842938,0.00459429404023057
"Male",10,17,0.00357731989726121,0.00215344355442424,0.00557238310618542
"Male",10,18,0.0050727416821969,0.00351314987320048,0.00715497636381397
"Male",10,19,0.00702764516597269,0.00521928360090332,0.00947097278680627
"Male",10,20,0.00933704286465084,0.00720577405210404,0.0122212818642902
"Male",10,21,0.0117748297972991,0.00927692181100995,0.0150105992999591
"Male",10,22,0.0140037361870588,0.0111814221384869,0.0175350372409104
"Male",10,23,0.0157249038882345,0.0126403635578569,0.0195174731208682
"Male",10,24,0.0168151992271776,0.0135707021371566,0.0206602830467421
"Male",10,25,0.0173529299639981,0.014122842833917,0.0212556130399593
"Male",10,26,0.01745458265512,0.0141823564611329,0.0213744571521759
"Male",10,27,0.0173098434911891,0.0140968082677897,0.0212255784996409
"Male",10,28,0.016978186474491,0.0137851637958479,0.0208309975460044
"Male",10,29,0.0164731263979464,0.0132534392042686,0.0203290897659408
"Male",10,30,0.0157881630850383,0.0126152399560217,0.0196273133528348
"Male",10,31,0.0149880421012147,0.011893883667763,0.0187151206184807
"Male",10,32,0.0141786677366338,0.0111628372983111,0.017817574579001
"Male",10,33,0.0134317035365061,0.0104991366540799,0.0170523935942782
"Male",10,34,0.0128958894232723,0.00996459100876135,0.0165111729887282
"Male",10,35,0.0125234191114717,0.00961517148890507,0.0161665050130222
"Male",10,36,0.0122824081332673,0.00933641946036664,0.016107801987316
"Male",10,37,0.0120417900466273,0.00900895647630777,0.0160629601428614
"Male",10,38,0.0116959581554466,0.00862197187591011,0.0159182612434388
"Male",10,39,0.0111521666920978,0.00805484552964675,0.0154123951855213
"Male",10,40,0.0103074398109671,0.00730938053262224,0.0145425873146088
"Male",10,41,0.00930710069658829,0.00649406088722018,0.0133227434128844
"Male",10,42,0.00821560020045233,0.00563773268523305,0.0120375754407316
"Male",10,43,0.00718744190112102,0.00477491437606963,0.0107569006609185
"Male",10,44,0.00628946343000479,0.00393902389830358,0.00980017654983901
"Male",10,45,0.00553194401708316,0.00317406230949834,0.00918563627083238
"Male",10,46,0.00491203681282036,0.00248173235916622,0.00898461913680112
"Male",10,47,0.00442308671583571,0.00191505865971667,0.00911701290812433
"Male",10,48,0.00399341556646511,0.00141806528195144,0.00981434909811208
"Male",10,49,0.00363751652498644,0.00102247683677802,0.011255035043528
"Male",11,15,0.00162396342771248,0.000586820142399506,0.00343282206024676
"Male",11,16,0.00230750549509157,0.00111595504194104,0.00409915956083282
"Male",11,17,0.00330098676901189,0.00202809839548501,0.00503607562588193
"Male",11,18,0.00469536666970452,0.00331113763273101,0.00655648227363828
"Male",11,19,0.00654204238821629,0.0049207191945825,0.00869569887331262
"Male",11,20,0.00874704669528916,0.00680877368044288,0.0113444541860159
"Male",11,21,0.0111256428497911,0.00882887318592024,0.0140846278514021
"Male",11,22,0.0133147909215417,0.0106846112868538,0.0165678837027295
"Male",11,23,0.0150019466816337,0.0121424583161932,0.0184892838475391
"Male",11,24,0.0161299772626283,0.0131323604238437,0.0196699193699119
"Male",11,25,0.0167090960100578,0.0136610793368626,0.0203783405183377
"Male",11,26,0.016911820316214,0.013857312504782,0.0206138058559647
"Male",11,27,0.0168476637916431,0.0138177165317613,0.0204905771817312
"Male",11,28,0.016557273087506,0.0135947290621769,0.0201663815277334
"Male",11,29,0.0161045313106301,0.0131650578601378,0.0197186932689495
"Male",11,30,0.0154316951126167,0.0125010243692843,0.0190247853929198
"Male",11,31,0.0146459671167252,0.0118131646877594,0.018082690396324
"Male",11,32,0.0138190248148733,0.0110355024361704,0.0172108059826997
"Male",11,33,0.0130844096409433,0.0103177061355844,0.0164195967745058
"Male",11,34,0.0124957623505277,0.009775002368836,0.0157791842983474
"Male",11,35,0.0121059714338727,0.00941957893617423,0.0153898824512467
"Male",11,36,0.0118052129848817,0.00916131750647257,0.0151586294108075
"Male",11,37,0.0115615597121086,0.0088866507611827,0.0150098177700308
"Male",11,38,0.0112109441165419,0.00850930128151756,0.0147722519622816
"Male",11,39,0.010685089678599,0.00798509109351206,0.0142521217869598
"Male",11,40,0.00993214204101737,0.00733264346955647,0.0135333090544104
"Male",11,41,0.00904001239204522,0.00652672849836348,0.0125845002373521
"Male",11,42,0.00806878611624981,0.00566888068953805,0.011349044677986
"Male",11,43,0.00715535352629325,0.00491537885978381,0.0103498889726747
"Male",11,44,0.0063574448285237,0.00417113940651483,0.00953458409207802
"Male",11,45,0.00568753100752037,0.00348230955554027,0.00904976831714964
"Male",11,46,0.00515683892798877,0.00286574790328513,0.008830550700203
"Male",11,47,0.00474140927774312,0.00228703075520153,0.00914636966764882
"Male",11,48,0.00437806550666141,0.001798786115854,0.00991441042689865
"Male",11,49,0.00408955032325322,0.00134680518309252,0.0115141131605088
"Male",12,15,0.00142421682013479,0.00051220255779651,0.00301724192908849
"Male",12,16,0.00203483468907444,0.000980623882731083,0.00361496003399141
"Male",12,17,0.0029254508338147,0.00178158404473743,0.00450236868710519
"Male",12,18,0.00419081466239261,0.00296442848519192,0.00584936315193106
"Male",12,19,0.00589143294519642,0.00441194096054382,0.00785533506770132
"Male",12,20,0.00792788425347958,0.00615114200169629,0.0103143537733645
"Male",12,21,0.0101155660354879,0.00804201621561058,0.0128913270756625
"Male",12,22,0.0121728167773992,0.00975838730927151,0.0152486695296835
"Male",12,23,0.0138171614796598,0.0111845502626737,0.0171311542159283
"Male",12,24,0.0149266933424312,0.0121660051954871,0.0183604500392789
"Male",12,25,0.0155493986203692,0.0126937425828889,0.0190569283304987
"Male",12,26,0.0157754722709338,0.0129292244876807,0.0192873148561457
"Male",12,27,0.0157961204920534,0.0129489186690746,0.0192727294995363
"Male",12,28,0.0155723360288821,0.0128075200565457,0.0190201447432058
"Male",12,29,0.015185844870647,0.0124035018964472,0.0185759687665032
"Male",12,30,0.0145722105678738,0.0118276283732694,0.0179553190175159
"Male",12,31,0.013812831870995,0.0111204545007323,0.0171172124545428
"Male",12,32,0.0130122422093442,0.0104193323812773,0.0161706693462823
"Male",12,33,0.0122878093775655,0.00973739774951462,0.0154281262088608
"Male",12,34,0.0116935000682596,0.00915196690711126,0.0148066361073848
"Male",12,35,0.0112440510073591,0.00881558167148736,0.0143440490463343
"Male",12,36,0.0109461931494743,0.00852142265518382,0.0140400857499393
"Male",12,37,0.0106749759606318,0.0082781626432296,0.0138631143247428
"Male",12,38,0.0103499585626353,0.00792247827945392,0.0135373582969292
"Male",12,39,0.00988405752698556,0.00750330736644286,0.0131152695205298
"Male",12,40,0.00922002850979096,0.00686805330040861,0.0124073425304434
"Male",12,41,0.00843171649041609,0.00614151939706829,0.011593552856858
"Male",12,42,0.00763561829003067,0.00541717481950492,0.010645929931433
"Male",12,43,0.00686280857811384,0.00479361838369498,0.00977064673961567
"Male",12,44,0.00619757190660229,0.00417317071334413,0.00909686957619756
"Male",12,45,0.00565008487872983,0.00364189395543447,0.008657758133066
"Male",12,46,0.00522035801454301,0.00313338126975924,0.00858317385167662
"Male",12,47,0.00490794787396141,0.00263227196869628,0.00881806415722125
"Male",12,48,0.00464285280448228,0.00213950207681743,0.00979156722761965
"Male",12,49,0.00441582809515584,0.0016811706685505,0.0114737528854959
"Male",13,15,0.00118254882175224,0.000410852642659268,0.00256232187086245
"Male",13,16,0.00169518726042146,0.000799634257657357,0.0030760946671609
"Male",13,17,0.0024524390528509,0.00146798328842986,0.00384552863853092
"Male",13,18,0.00353869755803608,0.00246184801942506,0.00501464413001808
"Male",13,19,0.00498722875051542,0.00370001468417014,0.00675771158748682
"Male",13,20,0.00676527031342228,0.00519506217499861,0.0089081365846101
"Male",13,21,0.00869985827593458,0.00684042676044833,0.0111828850556913
"Male",13,22,0.0105356957576387,0.00833964645665561,0.0133382128574651
"Male",13,23,0.0120086983924917,0.00962318107961427,0.015087294052819
"Male",13,24,0.0130529515079892,0.0105267624663196,0.0162007440199074
"Male",13,25,0.0136606287755237,0.0110721318134493,0.0169216123954914
"Male",13,26,0.0139436040858374,0.0113353275367155,0.0172125054126018
"Male",13,27,0.0139908893484456,0.0113915494565915,0.0172231041594998
"Male",13,28,0.0138329266182772,0.0112950400918622,0.0170333369727594
"Male",13,29,0.0135100376389498,0.010982665531605,0.0167198052923477
"Male",13,30,0.012960943769534,0.0104621512704696,0.0161207432818054
"Male",13,31,0.0123090473197402,0.00987881848738185,0.0153595654350518
"Male",13,32,0.011562469208006,0.00920435064031718,0.0145036143523106
"Male",13,33,0.0108759631596283,0.00854317411140921,0.0137394649603649
"Male",13,34,0.010297575929794,0.00800773473350478,0.0131453365656865
"Male",13,35,0.0098873511651238,0.00765254001122612,0.0126683121511484
"Male",13,36,0.00956959193914357,0.00741125774920009,0.0123709054360292
"Male",13,37,0.00931087715714267,0.00715002711512811,0.0121431206168745
"Male",13,38,0.00900299473758476,0.00685802734943357,0.0118471404886068
"Male",13,39,0.00860214977114167,0.00650750493113512,0.0114581049381129
"Male",13,40,0.00805809180819756,0.00600001321402721,0.0109190948944321
"Male",13,41,0.00744998538852778,0.00543855107663642,0.0102228227949085
"Male",13,42,0.00679504222059409,0.00485998678674621,0.00949075821473729
"Male",13,43,0.0061993326795084,0.0043541848087838,0.00877945527216359
"Male",13,44,0.00569001304874782,0.00388243413339285,0.00827476338906782
"Male",13,45,0.00530875202967144,0.00352403116682869,0.00798597026414959
"Male",13,46,0.00499928190478307,0.0031353617931823,0.00791016375944929
"Male",13,47,0.00479349502038968,0.00272377480954907,0.0083152849137406
"Male",13,48,0.00463667648046374,0.00229684892460004,0.00942996664561423
"Male",13,49,0.0045111949371403,0.00185368665059274,0.0111701774444635
"Male",14,15,0.000925531807339786,0.000309668311613164,0.0020803908320347
"Male",14,16,0.00133648671978507,0.000608518993011775,0.00250602082467931
"Male",14,17,0.00195475280330187,0.0011245465672595,0.00315557688940939
"Male",14,18,0.00282994232569777,0.00190196829091144,0.0041263099304456
"Male",14,19,0.00402154119912812,0.00291136233955376,0.00553185273143507
"Male",14,20,0.00547438416461335,0.00415073308141851,0.00732648917386684
"Male",14,21,0.0070873103425984,0.00547139129974021,0.00920562010721172
"Male",14,22,0.00862740937395801,0.00675193985618025,0.0110614698679172
"Male",14,23,0.00990561119480438,0.00781892926795984,0.0125412211069242
"Male",14,24,0.0108215678922282,0.00864198784551501,0.0135817644566162
"Male",14,25,0.0113839296636579,0.00909160672697069,0.0141862377881569
"Male",14,26,0.0116587645218452,0.00939442559242747,0.0145229118493679
"Male",14,27,0.0117456312858346,0.00948231452939415,0.0145897283915978
"Male",14,28,0.0116607641372716,0.00941303125487301,0.0144947418380183
"Male",14,29,0.0114017993858826,0.00912830067683427,0.014293055566044
"Male",14,30,0.0109632335050119,0.0087279198383474,0.01377799150177
"Male",14,31,0.0103857677145861,0.00824348425847591,0.0130695521725583
"Male",14,32,0.00974342366894119,0.00767987026208021,0.0123267562199263
"Male",14,33,0.00913760675105938,0.0071293902681188,0.0116442310222034
"Male",14,34,0.00862996709432513,0.00664288383394674,0.0110909209298977
"Male",14,35,0.00822443752542982,0.00632054346073936,0.0106021370746952
"Male",14,36,0.00793342596165303,0.00606851568742381,0.0103483077969021
"Male",14,37,0.00769836077033106,0.00584161586209798,0.0100705256120201
"Male",14,38,0.00743344809490845,0.00560036096406865,0.0098884626932142
"Male",14,39,0.00709284335295157,0.00526959004812195,0.00953552675581384
"Male",14,40,0.00668715005989391,0.00493028960660953,0.00911066019555133
"Male",14,41,0.0062226654371291,0.00447187688635555,0.00861947508647533
"Male",14,42,0.00573819058733774,0.00406776252548868,0.00807307991221506
"Male",14,43,0.00531396121889358,0.0037220211535168,0.00754932854552506
"Male",14,44,0.00497338475675477,0.00341137839768924,0.00720336748575793
"Male",14,45,0.00471413452183619,0.00313079718957276,0.0070503056537177
"Male",14,46,0.0045458978160055,0.00286640161880402,0.00718086436589292
"Male",14,47,0.00446307423825873,0.00255426707066958,0.00773384492706396
"Male",14,48,0.00442763057698686,0.00219340239495215,0.0089014102823294
"Male",14,49,0.00441992676613982,0.00181147887727685,0.0109208035240921
"Male",15,15,0.000700099155926073,0.0002261568692262,0.00167440437237292
"Male",15,16,0.00102343144956911,0.000440873316075414,0.00202649211254312
"Male",15,17,0.00150246291910705,0.000827032190838711,0.00252665830667925
"Male",15,18,0.00219682417540642,0.00140616871971132,0.0033166236364213
"Male",15,19,0.00313550441430593,0.00219398318226637,0.00443443305431622
"Male",15,20,0.00430159277649832,0.00316396216344507,0.00586896972146345
"Male",15,21,0.00559755927495834,0.00422846472295484,0.00743409222600112
"Male",15,22,0.0068502021883955,0.00524460622684442,0.00897112996992172
"Male",15,23,0.0079095292507532,0.00612797330673555,0.0102186317015058
"Male",15,24,0.0086894229965595,0.00678723490867339,0.0110948325428977
"Male",15,25,0.0091796821689794,0.00724722611047965,0.011668569325032
"Male",15,26,0.00946024281096937,0.00748487515233674,0.0119222551814738
"Male",15,27,0.00955757967175037,0.00758425799995895,0.0120742846119729
"Male",15,28,0.0095089019836455,0.00753199135691949,0.0120446852354897
"Male",15,29,0.00931066915656142,0.00732100031833518,0.0118180470262629
"Male",15,30,0.00897091386453228,0.00701829008490375,0.011487448991441
"Male",15,31,0.00847997251345287,0.00660699965605776,0.0109155265564621
"Male",15,32,0.00795829022658873,0.00616020103778883,0.0102399359845228
"Male",15,33,0.00743676035404068,0.00571158982974882,0.00956939719375215
"Male",15,34,0.00698582201209392,0.00531169345077735,0.00905763864042278
"Male",15,35,0.00663874050302673,0.00501912554866688,0.0086595021243674
"Male",15,36,0.0063794418487484,0.0047769135380149,0.00838822771999691
"Male",15,37,0.0061718397222864,0.00455698710097015,0.00823672522486562
"Male",15,38,0.00596631154872951,0.00434537485043781,0.00806519563529732
"Male",15,39,0.00568321356458612,0.00408557829128833,0.00781106045897521
"Male",15,40,0.00538163432553778,0.00380236795004968,0.00744526452737418
"Male",15,41,0.00503145500431182,0.00351733345817521,0.00708844463475868
"Male",15,42,0.00470291884239789,0.00326739453695233,0.00674390475490705
"Male",15,43,0.00441932324018899,0.00303504977422458,0.00635390154582197
"Male",15,44,0.00419351722736368,0.00283991758947013,0.00615542800249522
"Male",15,45,0.0040694790702158,0.00264362975425039,0.00621741529361945
"Male",15,46,0.00400101037095502,0.0024490378059077,0.00652185896545154
"Male",15,47,0.00401393178586983,0.00222595087470204,0.00721237681618469
"Male",15,48,0.00406657864817435,0.00193727304537549,0.00859645439293487
"Male",15,49,0.00417414775795628,0.0016400578941441,0.0108711643563525
"Male",16,15,0.000532205995928883,0.000160676905115632,0.00136435664002328
"Male",16,16,0.000774075156702659,0.00031316940440626,0.00163650308825295
"Male",16,17,0.00115175143155301,0.00058851775065253,0.0020678764409778
"Male",16,18,0.00169202296143059,0.0010250277013245,0.002679328037412
"Male",16,19,0.00243084146951071,0.0016140310452017,0.00360676794754341
"Male",16,20,0.00335693410230969,0.00236420359882237,0.00475796456014821
"Male",16,21,0.0043834634745164,0.00320202917508153,0.00602384084932314
"Male",16,22,0.00541247229364351,0.00401236324560463,0.00729040646610086
"Male",16,23,0.00627564808594589,0.00471676633203036,0.00835685584801288
"Male",16,24,0.00693596050070488,0.00526217216286796,0.00912319225841159
"Male",16,25,0.00735946980644837,0.0056348782366885,0.00964543250344088
"Male",16,26,0.00761254032325523,0.00586940019074988,0.00990094938217693
"Male",16,27,0.00773047249683341,0.00598169340058037,0.0100252522420452
"Male",16,28,0.00770987156933241,0.00595668194113056,0.00999544500072967
"Male",16,29,0.00755625613998301,0.00580570860293306,0.00989277911916622
"Male",16,30,0.00728750931077821,0.00556392427914569,0.00960569253591739
"Male",16,31,0.0068957334681758,0.00522222063273203,0.0091351892989655
"Male",16,32,0.00645115060196143,0.00487346897573473,0.00854034952982658
"Male",16,33,0.00600577369655769,0.00450438168071549,0.00793637488199307
"Male",16,34,0.00562245832933673,0.00417110459217794,0.0074668673133861
"Male",16,35,0.00531792115363888,0.00391447221979654,0.00707405756884152
"Male",16,36,0.00509343875818868,0.0037044480395949,0.00689057064755458
"Male",16,37,0.00491580258934015,0.00347259631175713,0.00677186206659467
"Male",16,38,0.00473871090637748,0.00327789196936066,0.00663551420578924
"Male",16,39,0.00452946319836382,0.00310019776806957,0.00641290130027429
"Male",16,40,0.00429574700317032,0.00289846559734438,0.00619652184892878
"Male",16,41,0.00406452750977977,0.00271574688260588,0.00591583712787645
"Male",16,42,0.0038257023463127,0.00255871251552192,0.00563134693315217
"Male",16,43,0.00364164921660842,0.00243086496836502,0.00539838214191544
"Male",16,44,0.0035191783461685,0.00230156448422164,0.00535423024872342
"Male",16,45,0.00347854106844068,0.00216367642804467,0.00553554038713543
"Male",16,46,0.00350394614740713,0.00201975227889391,0.00599874999819124
"Male",16,47,0.0036140657502139,0.00186380530751332,0.00695311650251445
"Male",16,48,0.00374461091903992,0.0016326506592903,0.00855813975982304
"Male",16,49,0.00390646312109776,0.00140314469993451,0.0112862269911466
"Male",17,15,0.000405421736372383,0.000110316882218577,0.00113458591900394
"Male",17,16,0.000601137698892355,0.000217644889859393,0.00137404914215338
"Male",17,17,0.000892678588089247,0.000422284574683628,0.00172332040152983
"Male",17,18,0.00132572750363785,0.000738193778465623,0.00224052187591498
"Male",17,19,0.00191533735981728,0.00119403685279695,0.00298599919599595
"Male",17,20,0.0026571691747798,0.00176670695833498,0.00393043471242046
"Male",17,21,0.00349529805960475,0.00242579789952089,0.0049997061595371
"Male",17,22,0.00432354849561937,0.00307526438503139,0.00606475332973839
"Male",17,23,0.00505537241501582,0.00362519291066314,0.00703842918928277
"Male",17,24,0.00559570709753152,0.00407141009363447,0.00773253093930993
"Male",17,25,0.00596950644269214,0.0044154498062535,0.0081832748297144
"Male",17,26,0.00621782003681226,0.00459872509860662,0.00845692840871919
"Male",17,27,0.00631967766117779,0.00470623856247379,0.00859729741218637
"Male",17,28,0.00633684396059486,0.00469953429151467,0.00860942151657138
"Male",17,29,0.00621955534792482,0.00460429495796056,0.00855929209113145
"Male",17,30,0.00600057511480254,0.00439592500862752,0.00829063714502471
"Male",17,31,0.00567183955688171,0.00413152850219939,0.00783866232274262
"Male",17,32,0.00528831897446013,0.00383983699721115,0.00734766280770514
"Male",17,33,0.00491763813869937,0.00354070523404874,0.0068080191198984
"Male",17,34,0.00459213463174958,0.00327345773995851,0.00635023592465239
"Male",17,35,0.00432543520954122,0.00303606562960578,0.00599605405299438
"Male",17,36,0.00413459131382723,0.00283040467655549,0.00583553524027868
"Male",17,37,0.00396847999127694,0.00265803262169671,0.00570825533661624
"Male",17,38,0.00381844525500449,0.00247722867341809,0.00562888679277864
"Male",17,39,0.00367378303888856,0.00233414522025093,0.00547059632999584
"Male",17,40,0.00348690143025596,0.00217977451165683,0.0053005263385502
"Male",17,41,0.00330818751273563,0.00207411874904742,0.00506458830771849
"Male",17,42,0.00315616415827861,0.00199336490020929,0.00485835558294677
"Male",17,43,0.00305031695565187,0.00193239574994843,0.00477325074415141
"Male",17,44,0.00300256626300008,0.00185679296396823,0.00484497677702411
"Male",17,45,0.00301194646957301,0.00176549778522444,0.00513470209098082
"Male",17,46,0.0030983589144507,0.00166710387937987,0.00581767680822868
"Male",17,47,0.00325233967078302,0.00153926683391221,0.00703587918818316
"Male",17,48,0.0034614992757406,0.00136197262351527,0.00902849911809031
"Male",17,49,0.00371301515029284,0.00118961328520622,0.0122980755636921
"Male",18,15,0.000317856085082372,7.48966809819445e-05,0.000987062446392435
"Male",18,16,0.000474151894053291,0.000151398044396961,0.00118976231338321
"Male",18,17,0.000709215154744898,0.000296135842459879,0.0015010341526889
"Male",18,18,0.00105452552252218,0.000530899625536143,0.00196822734041151
"Male",18,19,0.00153335774952341,0.000874051098315085,0.00261364703432625
"Male",18,20,0.00213858312389965,0.00131692928132011,0.00342877011035803
"Male",18,21,0.00283664824984799,0.00180722171226354,0.00440952324338752
"Male",18,22,0.00353002375903624,0.00231554340441921,0.00536938690426606
"Male",18,23,0.00413555663500365,0.00272928885302811,0.00623926153658906
"Male",18,24,0.00461720218535237,0.00310272399941022,0.00690677811934157
"Male",18,25,0.00494822023921347,0.00334546840203048,0.00735562554368537
"Male",18,26,0.00517323111482425,0.00352423529412137,0.007589003862304
"Male",18,27,0.00528335977181547,0.00362725925807924,0.00778368283472698
"Male",18,28,0.00530152189900697,0.00363536379598453,0.00780729429372365
"Male",18,29,0.00522865164677821,0.00357197591179302,0.00777021567250448
"Male",18,30,0.00503953091274821,0.00341223911053524,0.00756627437979643
"Male",18,31,0.00477025458438895,0.00321528242398374,0.00719633850789967
"Male",18,32,0.00443643625267487,0.00298421187848641,0.00670716323968076
"Male",18,33,0.00410435670852907,0.00274624398854017,0.00618952756774751
"Male",18,34,0.00381171964737343,0.00249991794299952,0.00570708808386462
"Male",18,35,0.00357886642016642,0.00231717483233871,0.00541284734483346
"Male",18,36,0.00340674491918388,0.00215320016558955,0.00520887884303444
"Male",18,37,0.00326336737819706,0.00199400415122127,0.00511018765677961
"Male",18,38,0.00314765211263956,0.00184694203457186,0.0050300657749682
"Male",18,39,0.00302154711397076,0.0017328361397424,0.00493906655410659
"Male",18,40,0.00288882936673902,0.00163574793036349,0.00475484231805562
"Male",18,41,0.00275258100063414,0.00156575268953205,0.00461036883404881
"Male",18,42,0.0026618296210626,0.00153264190547497,0.00447312902871269
"Male",18,43,0.00259519720481656,0.00151554399224358,0.00440126665158503
"Male",18,44,0.00259793117843426,0.00148230466466612,0.00456536156296902
"Male",18,45,0.00266562176827872,0.00143040172901578,0.00500761924633971
"Male",18,46,0.00280218421258757,0.00135662169742889,0.00595535116038681
"Male",18,47,0.0029880835542453,0.00127429932941004,0.00747648723362039
"Male",18,48,0.00327026206486524,0.0011431852194135,0.0100383520406332
"Male",18,49,0.00357786194261302,0.000999784194744449,0.0143326318946727
