"AGEYRS","ROUND","SEX","COMM","PARTICIPANT","PARTICIPATION"
15,"06","F","inland",169,0.491032068409192
15,"06","M","inland",104,0.402635530086719
15,"07","F","inland",120,0.405474773680553
15,"07","M","inland",93,0.328712329529507
15,"08","F","inland",120,0.350551085866721
15,"08","M","inland",85,0.319026319572568
15,"09","F","inland",73,0.223131233248209
15,"09","M","inland",65,0.204766866447205
15,"10","F","inland",81,0.198224341690474
15,"10","M","inland",64,0.196075818213553
15,"11","F","inland",115,0.265951679889527
15,"11","M","inland",104,0.256717583516444
15,"12","F","inland",155,0.349568799702826
15,"12","M","inland",156,0.377218427990069
15,"13","F","inland",181,0.37588747306573
15,"13","M","inland",146,0.402749907824907
15,"14","F","inland",180,0.410767581662624
15,"14","M","inland",161,0.444857061313533
15,"15","F","fishing",15,0.502442515775611
15,"15","F","inland",245,0.424104365102825
15,"15","M","fishing",14,0.334493073936031
15,"15","M","inland",248,0.505441571762529
15,"15S","F","fishing",21,0.457632334852699
15,"15S","M","fishing",19,0.415478223753533
15,"16","F","fishing",14,0.222270369269633
15,"16","F","inland",301,0.436083051774237
15,"16","M","fishing",16,0.299448367098392
15,"16","M","inland",280,0.492251135240905
15,"17","F","fishing",18,0.206787699577372
15,"17","F","inland",305,0.430281510617856
15,"17","M","fishing",24,0.293499143615374
15,"17","M","inland",266,0.480135939360183
15,"18","F","fishing",25,0.326398300423283
15,"18","F","inland",326,0.451392288549134
15,"18","M","fishing",31,0.428490394498818
15,"18","M","inland",315,0.511082990924501
16,"06","F","inland",187,0.574786485226198
16,"06","M","inland",143,0.464952109854074
16,"07","F","inland",179,0.514941465146703
16,"07","M","inland",133,0.405351026356139
16,"08","F","inland",172,0.474154639394478
16,"08","M","inland",147,0.402037156366804
16,"09","F","inland",122,0.341057288202199
16,"09","M","inland",94,0.278269182153048
16,"10","F","inland",122,0.302326422431898
16,"10","M","inland",100,0.259547746479626
16,"11","F","inland",138,0.348127462241498
16,"11","M","inland",115,0.312136734237869
16,"12","F","inland",162,0.404199245068257
16,"12","M","inland",160,0.406519089706692
16,"13","F","inland",161,0.411672998675207
16,"13","M","inland",209,0.426180333554371
16,"14","F","inland",185,0.443936011155427
16,"14","M","inland",215,0.472448261372074
16,"15","F","fishing",22,0.605931818657024
16,"15","F","inland",252,0.464234929404908
16,"15","M","fishing",25,0.4873782551962
16,"15","M","inland",284,0.5261396385776
16,"15S","F","fishing",29,0.567183679831112
16,"15S","M","fishing",25,0.48314032158668
16,"16","F","fishing",16,0.412030061442567
16,"16","F","inland",282,0.468691750267787
16,"16","M","fishing",27,0.403613372187292
16,"16","M","inland",281,0.510801512285463
16,"17","F","fishing",20,0.369715044716561
16,"17","F","inland",343,0.461594835127871
16,"17","M","fishing",24,0.353899161213183
16,"17","M","inland",351,0.506219570337929
16,"18","F","fishing",24,0.432709299114659
16,"18","F","inland",322,0.47565826201886
16,"18","M","fishing",40,0.475129751517632
16,"18","M","inland",330,0.525416335599781
17,"06","F","inland",194,0.647324658263006
17,"06","M","inland",139,0.523046732386703
17,"07","F","inland",216,0.606667467322076
17,"07","M","inland",148,0.479497378112542
17,"08","F","inland",191,0.576434090159217
17,"08","M","inland",163,0.480307588298324
17,"09","F","inland",137,0.451707208241673
17,"09","M","inland",110,0.355921668445628
17,"10","F","inland",133,0.408351253072385
17,"10","M","inland",114,0.329654001886943
17,"11","F","inland",140,0.433526430280472
17,"11","M","inland",114,0.374296531032118
17,"12","F","inland",162,0.461506291597026
17,"12","M","inland",143,0.438561930490609
17,"13","F","inland",157,0.45298510904779
17,"13","M","inland",161,0.453029482023109
17,"14","F","inland",203,0.479859071027628
17,"14","M","inland",199,0.501441468158725
17,"15","F","fishing",34,0.655053548137608
17,"15","F","inland",249,0.504151308984445
17,"15","M","fishing",18,0.577750278584169
17,"15","M","inland",253,0.545859518170493
17,"15S","F","fishing",31,0.620767503132207
17,"15S","M","fishing",26,0.53049199727544
17,"16","F","fishing",31,0.50372163739112
17,"16","F","inland",273,0.502194662428608
17,"16","M","fishing",27,0.480726115454554
17,"16","M","inland",306,0.529169410126023
17,"17","F","fishing",34,0.456734013631978
17,"17","F","inland",268,0.494533608886068
17,"17","M","fishing",28,0.400600114850575
17,"17","M","inland",288,0.532175857582026
17,"18","F","fishing",40,0.491855707635025
17,"18","F","inland",311,0.500909340470709
17,"18","M","fishing",48,0.509712624202299
17,"18","M","inland",322,0.539809933546773
18,"06","F","inland",249,0.708309127857113
18,"06","M","inland",174,0.57494433890126
18,"07","F","inland",252,0.681264509368047
18,"07","M","inland",176,0.547481712298755
18,"08","F","inland",279,0.658612604060596
18,"08","M","inland",207,0.550463744658689
18,"09","F","inland",185,0.551270556640939
18,"09","M","inland",148,0.433746466400957
18,"10","F","inland",158,0.511180083608599
18,"10","M","inland",134,0.403279232508137
18,"11","F","inland",172,0.518877243202036
18,"11","M","inland",142,0.441341236276412
18,"12","F","inland",188,0.519666901531646
18,"12","M","inland",166,0.472147837611394
18,"13","F","inland",203,0.499421329196639
18,"13","M","inland",146,0.483072339936616
18,"14","F","inland",195,0.517528803827605
18,"14","M","inland",191,0.530375487324674
18,"15","F","fishing",61,0.685091350282662
18,"15","F","inland",306,0.542913511861694
18,"15","M","fishing",39,0.632134388499198
18,"15","M","inland",275,0.563390641955814
18,"15S","F","fishing",49,0.65116419761038
18,"15S","M","fishing",37,0.565598796557757
18,"16","F","fishing",44,0.555660236049934
18,"16","F","inland",320,0.536010145675629
18,"16","M","fishing",48,0.535010246554921
18,"16","M","inland",289,0.546478680738146
18,"17","F","fishing",64,0.510301802017112
18,"17","F","inland",342,0.528659771470032
18,"17","M","fishing",42,0.434111028961148
18,"17","M","inland",298,0.557109641298628
18,"18","F","fishing",67,0.528867384259313
18,"18","F","inland",365,0.526843637174134
18,"18","M","fishing",50,0.533174762303584
18,"18","M","inland",309,0.553725213593584
19,"06","F","inland",276,0.759539981427107
19,"06","M","inland",179,0.620901604084051
19,"07","F","inland",265,0.742552957052853
19,"07","M","inland",132,0.608622191922626
19,"08","F","inland",272,0.725072769250751
19,"08","M","inland",176,0.61213598902519
19,"09","F","inland",208,0.639555288904603
19,"09","M","inland",148,0.509713320114788
19,"10","F","inland",193,0.607681755048519
19,"10","M","inland",134,0.478839855409447
19,"11","F","inland",174,0.601357388320571
19,"11","M","inland",132,0.511814421755187
19,"12","F","inland",173,0.576973414772163
19,"12","M","inland",155,0.506677546618441
19,"13","F","inland",149,0.549942294995432
19,"13","M","inland",137,0.515853253791615
19,"14","F","inland",208,0.556697195075014
19,"14","M","inland",168,0.5588781704637
19,"15","F","fishing",68,0.70592192272736
19,"15","F","inland",278,0.580402568582676
19,"15","M","fishing",49,0.664482823295747
19,"15","M","inland",275,0.578887876899862
19,"15S","F","fishing",74,0.670288799151652
19,"15S","M","fishing",52,0.591354465737052
19,"16","F","fishing",63,0.588934014790511
19,"16","F","inland",278,0.56972228384222
19,"16","M","fishing",35,0.571844027892581
19,"16","M","inland",249,0.56256453339502
19,"17","F","fishing",59,0.546548349927292
19,"17","F","inland",296,0.563531511297927
19,"17","M","fishing",44,0.458501483570806
19,"17","M","inland",288,0.580721851095311
19,"18","F","fishing",64,0.554739709437227
19,"18","F","inland",311,0.55347714578021
19,"18","M","fishing",54,0.548719483789196
19,"18","M","inland",239,0.567082230614335
20,"06","F","inland",309,0.799312690478657
20,"06","M","inland",197,0.657446013072115
20,"07","F","inland",341,0.788808036989674
20,"07","M","inland",208,0.65708817828324
20,"08","F","inland",292,0.774807260181196
20,"08","M","inland",157,0.659911919012676
20,"09","F","inland",212,0.711180880755468
20,"09","M","inland",130,0.575338105217837
20,"10","F","inland",214,0.68923197952699
20,"10","M","inland",122,0.547343277290357
20,"11","F","inland",207,0.675427892319662
20,"11","M","inland",151,0.579545181348436
20,"12","F","inland",207,0.630118166493831
20,"12","M","inland",124,0.538741824958704
20,"13","F","inland",157,0.60192559757219
20,"13","M","inland",125,0.547840242965256
20,"14","F","inland",189,0.595236254098047
20,"14","M","inland",143,0.582921886568407
20,"15","F","fishing",67,0.721697245380169
20,"15","F","inland",311,0.615378466064211
20,"15","M","fishing",69,0.682398157546333
20,"15","M","inland",243,0.590343868833987
20,"15S","F","fishing",92,0.682736663659619
20,"15S","M","fishing",61,0.611049618051904
20,"16","F","fishing",77,0.610677838799474
20,"16","F","inland",293,0.602732577355799
20,"16","M","fishing",66,0.593419186834945
20,"16","M","inland",236,0.575961083318665
20,"17","F","fishing",71,0.571842161289467
20,"17","F","inland",311,0.59815005416406
20,"17","M","fishing",43,0.474027379021956
20,"17","M","inland",288,0.601421964353966
20,"18","F","fishing",86,0.573600858450868
20,"18","F","inland",299,0.580358030249044
20,"18","M","fishing",68,0.556441641692598
20,"18","M","inland",263,0.579008735651059
21,"06","F","inland",202,0.829524930554883
21,"06","M","inland",117,0.685581588232223
21,"07","F","inland",262,0.823345634245993
21,"07","M","inland",171,0.69380029526668
21,"08","F","inland",334,0.811356450353953
21,"08","M","inland",195,0.69550390573554
21,"09","F","inland",206,0.767395494507993
21,"09","M","inland",109,0.628459720172137
21,"10","F","inland",190,0.754455363518279
21,"10","M","inland",125,0.605382202564059
21,"11","F","inland",207,0.738661092784145
21,"11","M","inland",125,0.640238116485278
21,"12","F","inland",186,0.677462350310491
21,"12","M","inland",125,0.567051881248889
21,"13","F","inland",159,0.652757548807942
21,"13","M","inland",110,0.578319519339794
21,"14","F","inland",160,0.632342994175217
21,"14","M","inland",134,0.602556435133952
21,"15","F","fishing",60,0.73440057240224
21,"15","F","inland",276,0.647505773441757
21,"15","M","fishing",53,0.690707295951954
21,"15","M","inland",180,0.598336025964086
21,"15S","F","fishing",65,0.690951341760329
21,"15S","M","fishing",65,0.625486284701899
21,"16","F","fishing",74,0.625946517825161
21,"16","F","inland",290,0.634076476701616
21,"16","M","fishing",54,0.60479772605771
21,"16","M","inland",217,0.58649925334666
21,"17","F","fishing",89,0.5906645590011
21,"17","F","inland",271,0.631852193732579
21,"17","M","fishing",66,0.484562194098957
21,"17","M","inland",223,0.618809546073718
21,"18","F","fishing",74,0.588394306502113
21,"18","F","inland",292,0.607165322961757
21,"18","M","fishing",59,0.559688580062913
21,"18","M","inland",250,0.589426776601391
22,"06","F","inland",247,0.843779903709704
22,"06","M","inland",158,0.697484517859521
22,"07","F","inland",233,0.837355489559434
22,"07","M","inland",152,0.707485481146483
22,"08","F","inland",297,0.826208891062697
22,"08","M","inland",212,0.706819622672125
22,"09","F","inland",251,0.795200248931482
22,"09","M","inland",146,0.64771239029922
22,"10","F","inland",217,0.786013176430939
22,"10","M","inland",115,0.630018952171077
22,"11","F","inland",219,0.779950941846264
22,"11","M","inland",135,0.678314602346153
22,"12","F","inland",214,0.712809050609792
22,"12","M","inland",133,0.584244693475845
22,"13","F","inland",171,0.693754051348098
22,"13","M","inland",114,0.603777894290627
22,"14","F","inland",181,0.662395496282489
22,"14","M","inland",130,0.609903016286962
22,"15","F","fishing",68,0.746156006334849
22,"15","F","inland",264,0.674284292080657
22,"15","M","fishing",65,0.690902123576773
22,"15","M","inland",211,0.597658391019143
22,"15S","F","fishing",65,0.695818946974838
22,"15S","M","fishing",62,0.639611965946619
22,"16","F","fishing",74,0.633615813618243
22,"16","F","inland",299,0.661985849874862
22,"16","M","fishing",80,0.606810851688152
22,"16","M","inland",220,0.590850077351345
22,"17","F","fishing",95,0.60480064049784
22,"17","F","inland",305,0.662698414341797
22,"17","M","fishing",67,0.48639255194362
22,"17","M","inland",231,0.630364633336405
22,"18","F","fishing",98,0.597510439385689
22,"18","F","inland",244,0.631475525444407
22,"18","M","fishing",71,0.555224155906713
22,"18","M","inland",232,0.596776204545482
23,"06","F","inland",246,0.84904229563706
23,"06","M","inland",140,0.700726172425973
23,"07","F","inland",249,0.84082575731984
23,"07","M","inland",178,0.708572189811103
23,"08","F","inland",267,0.829137027976816
23,"08","M","inland",194,0.70597699101618
23,"09","F","inland",218,0.80588472792416
23,"09","M","inland",162,0.647770967482025
23,"10","F","inland",250,0.79698359034459
23,"10","M","inland",127,0.633107482798743
23,"11","F","inland",225,0.804739166638476
23,"11","M","inland",128,0.697112049154491
23,"12","F","inland",224,0.738324326782403
23,"12","M","inland",121,0.593357439188127
23,"13","F","inland",184,0.725919414712008
23,"13","M","inland",125,0.623211326668618
23,"14","F","inland",185,0.687417418964435
23,"14","M","inland",145,0.610089585602798
23,"15","F","fishing",99,0.757148515273682
23,"15","F","inland",283,0.696564509466707
23,"15","M","fishing",65,0.686489712487833
23,"15","M","inland",211,0.592976933599104
23,"15S","F","fishing",89,0.698147949454113
23,"15S","M","fishing",64,0.650054399611452
23,"16","F","fishing",83,0.638801885861598
23,"16","F","inland",283,0.685388577146119
23,"16","M","fishing",62,0.604313185694063
23,"16","M","inland",182,0.590580282906035
23,"17","F","fishing",100,0.616296238705552
23,"17","F","inland",315,0.690184767972527
23,"17","M","fishing",65,0.486807592162713
23,"17","M","inland",218,0.636300688609122
23,"18","F","fishing",90,0.605223077650123
23,"18","F","inland",280,0.654205818729735
23,"18","M","fishing",87,0.54964998813389
23,"18","M","inland",207,0.601206300615549
24,"06","F","inland",243,0.854691296477677
24,"06","M","inland",155,0.707353201024074
24,"07","F","inland",237,0.849051192441565
24,"07","M","inland",146,0.712433842821788
24,"08","F","inland",246,0.831861989209806
24,"08","M","inland",180,0.710976330591414
24,"09","F","inland",185,0.814100840567151
24,"09","M","inland",136,0.652951409065938
24,"10","F","inland",210,0.806591528097778
24,"10","M","inland",151,0.634922176791842
24,"11","F","inland",221,0.820211286604366
24,"11","M","inland",147,0.699883756736403
24,"12","F","inland",232,0.756606959464401
24,"12","M","inland",143,0.599057595012294
24,"13","F","inland",214,0.753070053189628
24,"13","M","inland",124,0.634480998494463
24,"14","F","inland",191,0.709883683297816
24,"14","M","inland",131,0.612127914416003
24,"15","F","fishing",68,0.765568276375384
24,"15","F","inland",278,0.711948630864076
24,"15","M","fishing",85,0.675356283043697
24,"15","M","inland",188,0.591815253295589
24,"15S","F","fishing",78,0.695488887485457
24,"15S","M","fishing",75,0.65175114810879
24,"16","F","fishing",76,0.647688224149308
24,"16","F","inland",272,0.697318912487036
24,"16","M","fishing",77,0.599787348859866
24,"16","M","inland",202,0.586572983339851
24,"17","F","fishing",81,0.626485848664432
24,"17","F","inland",279,0.71119665903236
24,"17","M","fishing",78,0.495345344281124
24,"17","M","inland",211,0.633297053834645
24,"18","F","fishing",88,0.617967646951462
24,"18","F","inland",299,0.675418037765764
24,"18","M","fishing",80,0.549128380038212
24,"18","M","inland",204,0.600661498031729
25,"06","F","inland",216,0.853583303587256
25,"06","M","inland",170,0.708904097263247
25,"07","F","inland",253,0.851487471619589
25,"07","M","inland",177,0.708207101695564
25,"08","F","inland",241,0.825348537837366
25,"08","M","inland",179,0.70949003390767
25,"09","F","inland",202,0.808336565209235
25,"09","M","inland",136,0.647075876762582
25,"10","F","inland",214,0.801096533255272
25,"10","M","inland",114,0.621097138258505
25,"11","F","inland",241,0.820607076995247
25,"11","M","inland",145,0.681417587954462
25,"12","F","inland",214,0.764641813906685
25,"12","M","inland",118,0.596061123878076
25,"13","F","inland",215,0.769918086367772
25,"13","M","inland",130,0.63370837201318
25,"14","F","inland",219,0.725170266381558
25,"14","M","inland",142,0.60883226137373
25,"15","F","fishing",104,0.7723819746708
25,"15","F","inland",288,0.71921812947281
25,"15","M","fishing",121,0.660120105145943
25,"15","M","inland",223,0.588816581332399
25,"15S","F","fishing",95,0.68955899393411
25,"15S","M","fishing",119,0.64900303546284
25,"16","F","fishing",82,0.656601289068868
25,"16","F","inland",250,0.698978286182192
25,"16","M","fishing",68,0.591695725783098
25,"16","M","inland",209,0.577301143718543
25,"17","F","fishing",88,0.634677237843494
25,"17","F","inland",308,0.724539686497092
25,"17","M","fishing",86,0.504548849715077
25,"17","M","inland",232,0.621005077242414
25,"18","F","fishing",93,0.632639098369326
25,"18","F","inland",260,0.692582512995517
25,"18","M","fishing",99,0.549364736404469
25,"18","M","inland",198,0.594594539055888
26,"06","F","inland",227,0.851935510688312
26,"06","M","inland",148,0.70871401346781
26,"07","F","inland",221,0.852685610198752
26,"07","M","inland",161,0.704114005882093
26,"08","F","inland",264,0.821058325324517
26,"08","M","inland",180,0.707425950143785
26,"09","F","inland",185,0.80502105645031
26,"09","M","inland",117,0.641757515979082
26,"10","F","inland",176,0.797394836555872
26,"10","M","inland",128,0.611650731361164
26,"11","F","inland",234,0.823269905856586
26,"11","M","inland",151,0.667120691820506
26,"12","F","inland",212,0.773588262748382
26,"12","M","inland",148,0.592435504799525
26,"13","F","inland",196,0.784458449890882
26,"13","M","inland",143,0.6305997484674
26,"14","F","inland",220,0.740547431316568
26,"14","M","inland",150,0.606683820472024
26,"15","F","fishing",87,0.778900390786402
26,"15","F","inland",285,0.727523187545508
26,"15","M","fishing",80,0.650429580829047
26,"15","M","inland",190,0.586412694583762
26,"15S","F","fishing",74,0.687613013942904
26,"15S","M","fishing",124,0.644102560733716
26,"16","F","fishing",96,0.664929373110194
26,"16","F","inland",273,0.703664762671344
26,"16","M","fishing",109,0.584086170621751
26,"16","M","inland",181,0.569735968281314
26,"17","F","fishing",111,0.641975895906594
26,"17","F","inland",270,0.737521368977926
26,"17","M","fishing",72,0.511295778543756
26,"17","M","inland",221,0.610920498788172
26,"18","F","fishing",86,0.646075999743912
26,"18","F","inland",250,0.708055897922331
26,"18","M","fishing",88,0.55253869213988
26,"18","M","inland",192,0.590705820431668
27,"06","F","inland",178,0.845705205856547
27,"06","M","inland",157,0.700415428956249
27,"07","F","inland",222,0.849657787284672
27,"07","M","inland",162,0.698948312657611
27,"08","F","inland",220,0.82310764431645
27,"08","M","inland",177,0.700246739798323
27,"09","F","inland",189,0.807506617462745
27,"09","M","inland",139,0.631236494168344
27,"10","F","inland",181,0.79534875813117
27,"10","M","inland",112,0.605055212290703
27,"11","F","inland",180,0.830466153431596
27,"11","M","inland",132,0.651511058842041
27,"12","F","inland",252,0.785227221717063
27,"12","M","inland",161,0.581459687678798
27,"13","F","inland",167,0.79588436021059
27,"13","M","inland",107,0.615921398787569
27,"14","F","inland",219,0.760691459564328
27,"14","M","inland",131,0.605196582817115
27,"15","F","fishing",99,0.782901649260543
27,"15","F","inland",296,0.737425376547611
27,"15","M","fishing",87,0.642854287781249
27,"15","M","inland",222,0.58224200104029
27,"15S","F","fishing",72,0.690918713628742
27,"15S","M","fishing",101,0.630081965335364
27,"16","F","fishing",86,0.672935854548338
27,"16","F","inland",263,0.711822026161153
27,"16","M","fishing",114,0.570834532411261
27,"16","M","inland",208,0.561048895568476
27,"17","F","fishing",80,0.647661248037911
27,"17","F","inland",258,0.748808280460715
27,"17","M","fishing",76,0.51593990748692
27,"17","M","inland",196,0.60032684473102
27,"18","F","fishing",101,0.658845870269955
27,"18","F","inland",271,0.716595833926634
27,"18","M","fishing",101,0.56108770870069
27,"18","M","inland",184,0.59182103857104
28,"06","F","inland",176,0.837685444585836
28,"06","M","inland",119,0.690646858410286
28,"07","F","inland",191,0.845076644398644
28,"07","M","inland",173,0.693413751571405
28,"08","F","inland",224,0.826405087161487
28,"08","M","inland",168,0.6932463679837
28,"09","F","inland",167,0.810133925302854
28,"09","M","inland",133,0.620113710725798
28,"10","F","inland",183,0.792468125619333
28,"10","M","inland",123,0.599337408571592
28,"11","F","inland",213,0.837120800548084
28,"11","M","inland",132,0.637550870059485
28,"12","F","inland",216,0.796787328825149
28,"12","M","inland",129,0.571923646976735
28,"13","F","inland",220,0.805172344067347
28,"13","M","inland",138,0.601876967950494
28,"14","F","inland",221,0.779895178806474
28,"14","M","inland",143,0.604564050798078
28,"15","F","fishing",93,0.787809381833146
28,"15","F","inland",323,0.748114899174211
28,"15","M","fishing",103,0.638463384846497
28,"15","M","inland",194,0.580412776532256
28,"15S","F","fishing",110,0.696430281082455
28,"15S","M","fishing",109,0.617956848246922
28,"16","F","fishing",92,0.682465842490886
28,"16","F","inland",274,0.72113289561013
28,"16","M","fishing",72,0.561029241673648
28,"16","M","inland",201,0.555077857541908
28,"17","F","fishing",96,0.654217320789538
28,"17","F","inland",285,0.75844938014701
28,"17","M","fishing",135,0.521628291536801
28,"17","M","inland",185,0.591434439276961
28,"18","F","fishing",105,0.671353259743034
28,"18","F","inland",260,0.724103808464766
28,"18","M","fishing",95,0.570788545646256
28,"18","M","inland",200,0.59442098166866
29,"06","F","inland",159,0.837310099261754
29,"06","M","inland",129,0.687141229514808
29,"07","F","inland",177,0.844682459076354
29,"07","M","inland",124,0.690942105465309
29,"08","F","inland",181,0.834805059118964
29,"08","M","inland",189,0.698005102705269
29,"09","F","inland",160,0.818907232262909
29,"09","M","inland",113,0.622742023596282
29,"10","F","inland",169,0.797863169161646
29,"10","M","inland",139,0.603049278288761
29,"11","F","inland",194,0.850818384000887
29,"11","M","inland",147,0.637943384504964
29,"12","F","inland",203,0.816041301637063
29,"12","M","inland",119,0.575858315907471
29,"13","F","inland",253,0.819897403744479
29,"13","M","inland",146,0.602647145633993
29,"14","F","inland",196,0.800474192195021
29,"14","M","inland",135,0.610042479040629
29,"15","F","fishing",77,0.803327161588716
29,"15","F","inland",283,0.768381152771001
29,"15","M","fishing",75,0.646831509435619
29,"15","M","inland",195,0.589401557226852
29,"15S","F","fishing",77,0.710717353738702
29,"15S","M","fishing",85,0.615543807357583
29,"16","F","fishing",88,0.696213575870681
29,"16","F","inland",283,0.740974539797485
29,"16","M","fishing",106,0.563568855020354
29,"16","M","inland",186,0.559499884145682
29,"17","F","fishing",109,0.664913553274062
29,"17","F","inland",307,0.772922328799317
29,"17","M","fishing",100,0.530415603681994
29,"17","M","inland",196,0.591242567602999
29,"18","F","fishing",91,0.682094129623609
29,"18","F","inland",247,0.741573120772799
29,"18","M","fishing",87,0.583340273028153
29,"18","M","inland",185,0.601907902249867
30,"06","F","inland",160,0.837639541499814
30,"06","M","inland",154,0.683742333028214
30,"07","F","inland",184,0.843325253811586
30,"07","M","inland",159,0.688275770293572
30,"08","F","inland",168,0.843902187604551
30,"08","M","inland",143,0.704147948691492
30,"09","F","inland",151,0.828114220001982
30,"09","M","inland",131,0.626877718948989
30,"10","F","inland",154,0.804360002889862
30,"10","M","inland",109,0.608467395755342
30,"11","F","inland",196,0.864628983760612
30,"11","M","inland",127,0.640419680123517
30,"12","F","inland",174,0.835746025203483
30,"12","M","inland",114,0.581622351715172
30,"13","F","inland",183,0.833833868773389
30,"13","M","inland",117,0.606055891241745
30,"14","F","inland",244,0.820212998425887
30,"14","M","inland",170,0.61650764436351
30,"15","F","fishing",101,0.819686082069714
30,"15","F","inland",265,0.789437412901757
30,"15","M","fishing",111,0.657375796717614
30,"15","M","inland",184,0.599597024881491
30,"15S","F","fishing",104,0.726717917122229
30,"15S","M","fishing",117,0.613514638001096
30,"16","F","fishing",96,0.710812521769446
30,"16","F","inland",280,0.762479456243375
30,"16","M","fishing",88,0.567678187289082
30,"16","M","inland",190,0.566411773212841
30,"17","F","fishing",85,0.676858968039775
30,"17","F","inland",261,0.786724504299007
30,"17","M","fishing",76,0.539767666874412
30,"17","M","inland",191,0.593708563488209
30,"18","F","fishing",111,0.691967896490679
30,"18","F","inland",275,0.758767469185129
30,"18","M","fishing",148,0.595803606054109
30,"18","M","inland",183,0.609314071063633
31,"06","F","inland",106,0.839432307638867
31,"06","M","inland",108,0.683820492388405
31,"07","F","inland",111,0.839143157927801
31,"07","M","inland",136,0.685394966236835
31,"08","F","inland",157,0.844494503369092
31,"08","M","inland",147,0.707905477847073
31,"09","F","inland",131,0.832288376036061
31,"09","M","inland",92,0.628456709143429
31,"10","F","inland",137,0.811150807566776
31,"10","M","inland",130,0.616404552487638
31,"11","F","inland",157,0.873237731600865
31,"11","M","inland",131,0.64628603215341
31,"12","F","inland",184,0.848102614025415
31,"12","M","inland",143,0.589152377914441
31,"13","F","inland",207,0.843253769813169
31,"13","M","inland",115,0.615905197436566
31,"14","F","inland",235,0.830364276694619
31,"14","M","inland",150,0.619022408461246
31,"15","F","fishing",66,0.831238231789088
31,"15","F","inland",260,0.804332007100828
31,"15","M","fishing",77,0.667136954275964
31,"15","M","inland",187,0.603763013133787
31,"15S","F","fishing",51,0.739487128188147
31,"15S","M","fishing",68,0.615791564461558
31,"16","F","fishing",71,0.726053841877485
31,"16","F","inland",269,0.781029244659687
31,"16","M","fishing",91,0.574343582301035
31,"16","M","inland",176,0.575357062915428
31,"17","F","fishing",83,0.689534560448602
31,"17","F","inland",288,0.79461025307732
31,"17","M","fishing",109,0.546944465233337
31,"17","M","inland",179,0.602834429395813
31,"18","F","fishing",88,0.700838045413387
31,"18","F","inland",248,0.770384326402327
31,"18","M","fishing",101,0.6023652299053
31,"18","M","inland",203,0.608176251742016
32,"06","F","inland",110,0.841213095053479
32,"06","M","inland",111,0.685364150060655
32,"07","F","inland",108,0.833982667734221
32,"07","M","inland",118,0.683035831096067
32,"08","F","inland",127,0.843404647679589
32,"08","M","inland",147,0.71216970201648
32,"09","F","inland",116,0.83530236144828
32,"09","M","inland",109,0.630297636173431
32,"10","F","inland",122,0.818065433713039
32,"10","M","inland",89,0.625976137182183
32,"11","F","inland",161,0.879488976590184
32,"11","M","inland",123,0.655601313066223
32,"12","F","inland",184,0.858068692042506
32,"12","M","inland",137,0.598496095534839
32,"13","F","inland",173,0.851128634527056
32,"13","M","inland",114,0.627794772328839
32,"14","F","inland",186,0.837814874367349
32,"14","M","inland",131,0.621568460875728
32,"15","F","fishing",106,0.843284953464571
32,"15","F","inland",324,0.818086075103349
32,"15","M","fishing",104,0.678055806312106
32,"15","M","inland",217,0.608664231727606
32,"15S","F","fishing",97,0.751900318392127
32,"15S","M","fishing",105,0.619634248146728
32,"16","F","fishing",69,0.741557433552165
32,"16","F","inland",235,0.798804212762123
32,"16","M","fishing",81,0.582407207796578
32,"16","M","inland",152,0.586012623065063
32,"17","F","fishing",81,0.703562612696316
32,"17","F","inland",277,0.801337105372129
32,"17","M","fishing",78,0.553744098959883
32,"17","M","inland",172,0.614382096567044
32,"18","F","fishing",87,0.71022872789639
32,"18","F","inland",250,0.780395274083944
32,"18","M","fishing",89,0.608539307510958
32,"18","M","inland",179,0.606708716601235
33,"06","F","inland",90,0.839230188419266
33,"06","M","inland",100,0.687711944105075
33,"07","F","inland",106,0.832498502382082
33,"07","M","inland",99,0.684336642714623
33,"08","F","inland",108,0.843828126942088
33,"08","M","inland",121,0.71793762786438
33,"09","F","inland",91,0.833406103096063
33,"09","M","inland",87,0.631699756677558
33,"10","F","inland",116,0.820152253443814
33,"10","M","inland",93,0.63387271845644
33,"11","F","inland",136,0.875932674159553
33,"11","M","inland",115,0.668415659383103
33,"12","F","inland",160,0.861296754045136
33,"12","M","inland",125,0.611986884053649
33,"13","F","inland",160,0.857635680194619
33,"13","M","inland",137,0.640081298313189
33,"14","F","inland",175,0.845698192228499
33,"14","M","inland",106,0.626597794289394
33,"15","F","fishing",68,0.852279930798532
33,"15","F","inland",241,0.830779016225695
33,"15","M","fishing",77,0.68672510179917
33,"15","M","inland",186,0.620076310162121
33,"15S","F","fishing",75,0.757858130754395
33,"15S","M","fishing",95,0.622745744038515
33,"16","F","fishing",79,0.756016399485419
33,"16","F","inland",250,0.813592451063888
33,"16","M","fishing",88,0.589788600289808
33,"16","M","inland",176,0.597554019192465
33,"17","F","fishing",76,0.72217826739216
33,"17","F","inland",259,0.810177456117491
33,"17","M","fishing",101,0.565870319622083
33,"17","M","inland",183,0.624810587018742
33,"18","F","fishing",71,0.722189148213073
33,"18","F","inland",282,0.791536052116677
33,"18","M","fishing",98,0.61514990294317
33,"18","M","inland",171,0.608861247615846
34,"06","F","inland",98,0.836273182976282
34,"06","M","inland",99,0.691920268185202
34,"07","F","inland",95,0.832912935443251
34,"07","M","inland",95,0.6881280940163
34,"08","F","inland",108,0.842892785519487
34,"08","M","inland",118,0.725879729411975
34,"09","F","inland",79,0.826089747990614
34,"09","M","inland",78,0.633614270047577
34,"10","F","inland",86,0.819742676647609
34,"10","M","inland",95,0.643369742008971
34,"11","F","inland",130,0.863093535541878
34,"11","M","inland",87,0.68745792149364
34,"12","F","inland",159,0.857748622033246
34,"12","M","inland",111,0.632329479702355
34,"13","F","inland",172,0.862653433955055
34,"13","M","inland",128,0.65687502363901
34,"14","F","inland",169,0.851778039176178
34,"14","M","inland",140,0.633110938291183
34,"15","F","fishing",56,0.859732180807822
34,"15","F","inland",260,0.842832868114604
34,"15","M","fishing",67,0.696662827745456
34,"15","M","inland",157,0.636013724115345
34,"15S","F","fishing",51,0.761446208724548
34,"15S","M","fishing",71,0.628302704749727
34,"16","F","fishing",82,0.772527707774821
34,"16","F","inland",292,0.827521939867057
34,"16","M","fishing",90,0.59994769314909
34,"16","M","inland",204,0.612562325442101
34,"17","F","fishing",70,0.746182600657527
34,"17","F","inland",210,0.818836295818066
34,"17","M","fishing",68,0.583184420650362
34,"17","M","inland",157,0.637288458587691
34,"18","F","fishing",81,0.736255499263654
34,"18","F","inland",249,0.803083426506092
34,"18","M","fishing",108,0.621376704540074
34,"18","M","inland",155,0.611540014803662
35,"06","F","inland",115,0.83155120703073
35,"06","M","inland",101,0.693304356662978
35,"07","F","inland",117,0.830983330539589
35,"07","M","inland",99,0.689588382474486
35,"08","F","inland",103,0.840653001592816
35,"08","M","inland",104,0.730138653470487
35,"09","F","inland",83,0.818408835010579
35,"09","M","inland",69,0.633490669227564
35,"10","F","inland",80,0.8175438201672
35,"10","M","inland",79,0.649662049020442
35,"11","F","inland",101,0.849607603575434
35,"11","M","inland",92,0.703456655509653
35,"12","F","inland",117,0.852118982105529
35,"12","M","inland",110,0.649121849433113
35,"13","F","inland",137,0.865989198347309
35,"13","M","inland",111,0.670479639237951
35,"14","F","inland",185,0.856881580633944
35,"14","M","inland",133,0.639492200474238
35,"15","F","fishing",63,0.865441010911014
35,"15","F","inland",219,0.851658231815521
35,"15","M","fishing",88,0.703872180365824
35,"15","M","inland",182,0.648313425406873
35,"15S","F","fishing",68,0.766232129108192
35,"15S","M","fishing",86,0.632427821292702
35,"16","F","fishing",65,0.784670361752332
35,"16","F","inland",248,0.838960062100735
35,"16","M","fishing",68,0.606748215706276
35,"16","M","inland",166,0.625979281665985
35,"17","F","fishing",83,0.765818271567199
35,"17","F","inland",266,0.827481523109354
35,"17","M","fishing",108,0.59576356400166
35,"17","M","inland",195,0.646713962006999
35,"18","F","fishing",68,0.749878068809388
35,"18","F","inland",254,0.813198462444052
35,"18","M","fishing",86,0.62659990236459
35,"18","M","inland",178,0.615312703611081
36,"06","F","inland",105,0.818792256187036
36,"06","M","inland",78,0.685539143364448
36,"07","F","inland",101,0.819273268780132
36,"07","M","inland",98,0.681555145750148
36,"08","F","inland",110,0.82941765636116
36,"08","M","inland",105,0.718423241693617
36,"09","F","inland",67,0.805989361104349
36,"09","M","inland",86,0.620039011004114
36,"10","F","inland",93,0.803673674060105
36,"10","M","inland",78,0.64110632363906
36,"11","F","inland",105,0.829111656395435
36,"11","M","inland",106,0.703923194873592
36,"12","F","inland",111,0.835634210277106
36,"12","M","inland",81,0.647619264794476
36,"13","F","inland",123,0.861523921681736
36,"13","M","inland",106,0.671139578139259
36,"14","F","inland",152,0.858411520797064
36,"14","M","inland",123,0.642565118761819
36,"15","F","fishing",43,0.858673140416929
36,"15","F","inland",231,0.8492871798689
36,"15","M","fishing",59,0.694090519224752
36,"15","M","inland",158,0.645699076912203
36,"15S","F","fishing",49,0.765811446206363
36,"15S","M","fishing",56,0.624015640440391
36,"16","F","fishing",51,0.776678105045525
36,"16","F","inland",254,0.844179912369913
36,"16","M","fishing",72,0.595585347866496
36,"16","M","inland",155,0.630386642053186
36,"17","F","fishing",69,0.770265553808367
36,"17","F","inland",311,0.834682831957913
36,"17","M","fishing",83,0.589153492248041
36,"17","M","inland",218,0.64585213251883
36,"18","F","fishing",71,0.760580304735619
36,"18","F","inland",197,0.816188884485715
36,"18","M","fishing",69,0.626574091347356
36,"18","M","inland",138,0.617268662591194
37,"06","F","inland",93,0.806761171886611
37,"06","M","inland",74,0.676281613032036
37,"07","F","inland",109,0.808351745184802
37,"07","M","inland",81,0.672677592592962
37,"08","F","inland",105,0.81867350545253
37,"08","M","inland",93,0.703062975822082
37,"09","F","inland",95,0.794822280560137
37,"09","M","inland",66,0.605266908039609
37,"10","F","inland",57,0.788780148936719
37,"10","M","inland",80,0.629905495784659
37,"11","F","inland",66,0.807253613131833
37,"11","M","inland",90,0.701452805905872
37,"12","F","inland",99,0.814806467670222
37,"12","M","inland",85,0.642085521080768
37,"13","F","inland",127,0.85389941802585
37,"13","M","inland",98,0.669518809948404
37,"14","F","inland",156,0.857761838470622
37,"14","M","inland",112,0.646307780204152
37,"15","F","fishing",54,0.849597372552482
37,"15","F","inland",194,0.843297064171174
37,"15","M","fishing",57,0.68259529503815
37,"15","M","inland",176,0.64066364874209
37,"15S","F","fishing",39,0.764132895215758
37,"15S","M","fishing",67,0.61409605775872
37,"16","F","fishing",54,0.76329679391463
37,"16","F","inland",196,0.846917332158093
37,"16","M","fishing",58,0.582728212096101
37,"16","M","inland",164,0.633410568070358
37,"17","F","fishing",60,0.769616968221724
37,"17","F","inland",216,0.841724722022619
37,"17","M","fishing",58,0.578527692619427
37,"17","M","inland",149,0.644349911033646
37,"18","F","fishing",88,0.769777524553093
37,"18","F","inland",269,0.817847776602245
37,"18","M","fishing",111,0.626935311083414
37,"18","M","inland",215,0.620794163303115
38,"06","F","inland",81,0.800764772669256
38,"06","M","inland",63,0.672936062791608
38,"07","F","inland",88,0.806885822146753
38,"07","M","inland",81,0.671332422802505
38,"08","F","inland",114,0.822862665977585
38,"08","M","inland",80,0.696391833024366
38,"09","F","inland",77,0.797340219455481
38,"09","M","inland",68,0.605195798673532
38,"10","F","inland",82,0.787200574678295
38,"10","M","inland",68,0.626801021357947
38,"11","F","inland",75,0.805471413892663
38,"11","M","inland",80,0.711289795816023
38,"12","F","inland",88,0.804730284151828
38,"12","M","inland",91,0.645886370230788
38,"13","F","inland",104,0.847584006680101
38,"13","M","inland",84,0.673630852201199
38,"14","F","inland",125,0.857541377792822
38,"14","M","inland",109,0.658615284294276
38,"15","F","fishing",52,0.861477187528976
38,"15","F","inland",190,0.840272768523324
38,"15","M","fishing",70,0.694253856867853
38,"15","M","inland",158,0.647716570679666
38,"15S","F","fishing",46,0.778611280037834
38,"15S","M","fishing",67,0.622587459419756
38,"16","F","fishing",41,0.756535639276116
38,"16","F","inland",215,0.849910815770518
38,"16","M","fishing",73,0.586542876702114
38,"16","M","inland",164,0.644164055136249
38,"17","F","fishing",58,0.770457000164926
38,"17","F","inland",228,0.855615178943324
38,"17","M","fishing",77,0.573660508807073
38,"17","M","inland",167,0.650444578279289
38,"18","F","fishing",52,0.780377755275526
38,"18","F","inland",243,0.825911618360196
38,"18","M","fishing",74,0.633281100827696
38,"18","M","inland",164,0.634175312667678
39,"06","F","inland",95,0.796704868560487
39,"06","M","inland",67,0.669894108926775
39,"07","F","inland",78,0.807162824462767
39,"07","M","inland",53,0.671786908159782
39,"08","F","inland",97,0.830087004440068
39,"08","M","inland",74,0.690987778658331
39,"09","F","inland",76,0.803459200321276
39,"09","M","inland",38,0.609611120398114
39,"10","F","inland",72,0.78977365588074
39,"10","M","inland",58,0.625871232625389
39,"11","F","inland",74,0.810744812065967
39,"11","M","inland",68,0.723099706540599
39,"12","F","inland",73,0.798106870077801
39,"12","M","inland",83,0.650965588775009
39,"13","F","inland",89,0.841088214912261
39,"13","M","inland",90,0.678434895340913
39,"14","F","inland",109,0.85663685714248
39,"14","M","inland",86,0.672859219127898
39,"15","F","fishing",48,0.878363195357127
39,"15","F","inland",166,0.83706808550661
39,"15","M","fishing",70,0.71066028749127
39,"15","M","inland",136,0.657703985011185
39,"15S","F","fishing",47,0.796730548607484
39,"15S","M","fishing",53,0.63473335831903
39,"16","F","fishing",47,0.749142263771383
39,"16","F","inland",194,0.852030658731586
39,"16","M","fishing",55,0.59372957889099
39,"16","M","inland",169,0.656981724013671
39,"17","F","fishing",56,0.768466447701154
39,"17","F","inland",218,0.870487764994149
39,"17","M","fishing",67,0.568623307433246
39,"17","M","inland",172,0.658445589258658
39,"18","F","fishing",56,0.790175505652709
39,"18","F","inland",223,0.834664509063227
39,"18","M","fishing",69,0.641910492385761
39,"18","M","inland",144,0.649886014701926
40,"06","F","inland",95,0.80072717325846
40,"06","M","inland",67,0.663174877062299
40,"07","F","inland",117,0.809692915235633
40,"07","M","inland",74,0.673876096993969
40,"08","F","inland",85,0.837452187571159
40,"08","M","inland",67,0.689439333837754
40,"09","F","inland",81,0.813549938109576
40,"09","M","inland",47,0.622441292889875
40,"10","F","inland",84,0.803411057959769
40,"10","M","inland",47,0.637187556820822
40,"11","F","inland",63,0.827150257462678
40,"11","M","inland",75,0.731855908116326
40,"12","F","inland",84,0.805891269979274
40,"12","M","inland",92,0.660424958853102
40,"13","F","inland",79,0.842816990338454
40,"13","M","inland",88,0.690125829735898
40,"14","F","inland",99,0.85549163518665
40,"14","M","inland",90,0.687296534189239
40,"15","F","fishing",43,0.896341455272351
40,"15","F","inland",163,0.842678655621584
40,"15","M","fishing",45,0.72991764009746
40,"15","M","inland",139,0.670290243619024
40,"15S","F","fishing",49,0.814169039622646
40,"15S","M","fishing",74,0.649502819331956
40,"16","F","fishing",42,0.753133606609279
40,"16","F","inland",199,0.857001196662606
40,"16","M","fishing",59,0.613043424778796
40,"16","M","inland",158,0.677203903034044
40,"17","F","fishing",45,0.760144419061386
40,"17","F","inland",220,0.881134984641634
40,"17","M","fishing",54,0.568660557794814
40,"17","M","inland",154,0.672185486002963
40,"18","F","fishing",57,0.796579436142194
40,"18","F","inland",208,0.848706745460757
40,"18","M","fishing",81,0.658430055003794
40,"18","M","inland",174,0.667372149375518
41,"06","F","inland",84,0.807418996662284
41,"06","M","inland",51,0.656380119206946
41,"07","F","inland",87,0.812562916587269
41,"07","M","inland",68,0.677126943550292
41,"08","F","inland",110,0.844837708080071
41,"08","M","inland",70,0.689023786566284
41,"09","F","inland",64,0.824358490542304
41,"09","M","inland",53,0.640881990913328
41,"10","F","inland",72,0.818851178083344
41,"10","M","inland",50,0.652223101992832
41,"11","F","inland",85,0.847768562384986
41,"11","M","inland",60,0.739894694152819
41,"12","F","inland",63,0.817714242882101
41,"12","M","inland",55,0.671752049151549
41,"13","F","inland",81,0.846126141620985
41,"13","M","inland",78,0.703521530574654
41,"14","F","inland",103,0.852806560855652
41,"14","M","inland",98,0.70165083940373
41,"15","F","fishing",17,0.915022639140554
41,"15","F","inland",120,0.848551948610111
41,"15","M","fishing",35,0.749411336565686
41,"15","M","inland",99,0.683018477184213
41,"15S","F","fishing",17,0.833257463757856
41,"15S","M","fishing",38,0.665809251495344
41,"16","F","fishing",37,0.760406889879123
41,"16","F","inland",163,0.861228274023478
41,"16","M","fishing",56,0.636872843651393
41,"16","M","inland",129,0.699768991852378
41,"17","F","fishing",40,0.748033127713229
41,"17","F","inland",193,0.890319292697066
41,"17","M","fishing",60,0.570283195608981
41,"17","M","inland",167,0.688499817599496
41,"18","F","fishing",48,0.80156764012735
41,"18","F","inland",203,0.862806951417059
41,"18","M","fishing",57,0.676663997054205
41,"18","M","inland",160,0.685717083576354
42,"06","F","inland",63,0.809801493496665
42,"06","M","inland",45,0.652653986745422
42,"07","F","inland",78,0.807399190866312
42,"07","M","inland",43,0.683178802256902
42,"08","F","inland",86,0.846499675704467
42,"08","M","inland",61,0.688751628931979
42,"09","F","inland",88,0.830458109755084
42,"09","M","inland",45,0.661907090479086
42,"10","F","inland",72,0.827572631107905
42,"10","M","inland",48,0.661512862095047
42,"11","F","inland",79,0.860082422511446
42,"11","M","inland",54,0.741941806013951
42,"12","F","inland",66,0.823935436581263
42,"12","M","inland",71,0.681637057893497
42,"13","F","inland",71,0.850435959156416
42,"13","M","inland",83,0.712665424144696
42,"14","F","inland",66,0.851085110392206
42,"14","M","inland",84,0.707197545357124
42,"15","F","fishing",28,0.914633002586559
42,"15","F","inland",111,0.844608637402658
42,"15","M","fishing",44,0.74306520208901
42,"15","M","inland",124,0.68899985665589
42,"15S","F","fishing",31,0.840806667707072
42,"15S","M","fishing",42,0.661085819652896
42,"16","F","fishing",30,0.766969661699316
42,"16","F","inland",148,0.8611154228854
42,"16","M","fishing",37,0.643408620491409
42,"16","M","inland",132,0.711547620874224
42,"17","F","fishing",38,0.73957223694909
42,"17","F","inland",179,0.893802894495193
42,"17","M","fishing",46,0.575472104974405
42,"17","M","inland",146,0.703485784721812
42,"18","F","fishing",54,0.803854599073634
42,"18","F","inland",184,0.864932858523717
42,"18","M","fishing",70,0.691627273632287
42,"18","M","inland",171,0.69861000501957
43,"06","F","inland",68,0.812766944299769
43,"06","M","inland",44,0.652427275351889
43,"07","F","inland",68,0.803189048741662
43,"07","M","inland",45,0.68916068008531
43,"08","F","inland",93,0.847637831251321
43,"08","M","inland",46,0.6896187880164
43,"09","F","inland",71,0.835275083983452
43,"09","M","inland",50,0.683517166780037
43,"10","F","inland",82,0.835315661285807
43,"10","M","inland",37,0.670179566515656
43,"11","F","inland",68,0.871239968451506
43,"11","M","inland",48,0.743727174900068
43,"12","F","inland",85,0.830452769339437
43,"12","M","inland",49,0.692478393707543
43,"13","F","inland",61,0.852257114112039
43,"13","M","inland",59,0.72136223434586
43,"14","F","inland",66,0.847054058688205
43,"14","M","inland",84,0.710115083783177
43,"15","F","fishing",27,0.905664245342141
43,"15","F","inland",101,0.837538034855487
43,"15","M","fishing",41,0.730713204298612
43,"15","M","inland",110,0.693216337262282
43,"15S","F","fishing",26,0.844449221456678
43,"15S","M","fishing",38,0.652674092712159
43,"16","F","fishing",20,0.773662115982094
43,"16","F","inland",109,0.857876346527651
43,"16","M","fishing",42,0.646767903801375
43,"16","M","inland",100,0.721053207633275
43,"17","F","fishing",38,0.72905985132315
43,"17","F","inland",151,0.89428248171912
43,"17","M","fishing",52,0.582002183748407
43,"17","M","inland",121,0.717957604491294
43,"18","F","fishing",44,0.804053789243992
43,"18","F","inland",184,0.864871211159659
43,"18","M","fishing",69,0.705259417552616
43,"18","M","inland",147,0.710616094908931
44,"06","F","inland",52,0.816801202202361
44,"06","M","inland",37,0.658940528510301
44,"07","F","inland",66,0.805985246494656
44,"07","M","inland",47,0.691189782786353
44,"08","F","inland",74,0.84985270937583
44,"08","M","inland",44,0.691329762317496
44,"09","F","inland",64,0.83771823284418
44,"09","M","inland",29,0.698400937349866
44,"10","F","inland",67,0.841632153872459
44,"10","M","inland",54,0.677024041476506
44,"11","F","inland",64,0.881272770028194
44,"11","M","inland",39,0.750155389571564
44,"12","F","inland",66,0.836638740771248
44,"12","M","inland",43,0.704049566880158
44,"13","F","inland",78,0.84634739915012
44,"13","M","inland",56,0.729131542002303
44,"14","F","inland",60,0.837995464084208
44,"14","M","inland",64,0.712732949395608
44,"15","F","fishing",12,0.891307709690042
44,"15","F","inland",101,0.829641669185792
44,"15","M","fishing",26,0.723185850346853
44,"15","M","inland",108,0.697149643029934
44,"15S","F","fishing",20,0.846212185756974
44,"15S","M","fishing",31,0.649805035630493
44,"16","F","fishing",23,0.775670330564195
44,"16","F","inland",121,0.850717653045243
44,"16","M","fishing",29,0.649947232580725
44,"16","M","inland",118,0.729818958261662
44,"17","F","fishing",17,0.716030073967295
44,"17","F","inland",145,0.892686755165818
44,"17","M","fishing",29,0.58762613454588
44,"17","M","inland",128,0.729647330327354
44,"18","F","fishing",34,0.802630168108065
44,"18","F","inland",165,0.866164145487163
44,"18","M","fishing",54,0.715061170015614
44,"18","M","inland",132,0.722177999223119
45,"06","F","inland",47,0.821777680369156
45,"06","M","inland",24,0.670849680954898
45,"07","F","inland",47,0.812039779319216
45,"07","M","inland",47,0.691226725376862
45,"08","F","inland",65,0.851925558188782
45,"08","M","inland",55,0.694381925469422
45,"09","F","inland",72,0.838197644640602
45,"09","M","inland",35,0.710290110361853
45,"10","F","inland",70,0.847188027369259
45,"10","M","inland",27,0.682137524920335
45,"11","F","inland",71,0.890368924080616
45,"11","M","inland",54,0.757457682136629
45,"12","F","inland",69,0.842418769928928
45,"12","M","inland",57,0.716558678789523
45,"13","F","inland",80,0.836798663684995
45,"13","M","inland",52,0.735525178915599
45,"14","F","inland",62,0.825621969111882
45,"14","M","inland",67,0.711618492512815
45,"15","F","fishing",22,0.862163752821202
45,"15","F","inland",79,0.818013621966797
45,"15","M","fishing",31,0.709306459501843
45,"15","M","inland",93,0.698705079411384
45,"15S","F","fishing",14,0.838433901542252
45,"15S","M","fishing",21,0.644405696362876
45,"16","F","fishing",19,0.773867413385883
45,"16","F","inland",106,0.838447403657671
45,"16","M","fishing",37,0.648424358432241
45,"16","M","inland",113,0.735403759802371
45,"17","F","fishing",12,0.698486307629562
45,"17","F","inland",118,0.886248718959958
45,"17","M","fishing",35,0.593922218578365
45,"17","M","inland",125,0.739726394748967
45,"18","F","fishing",30,0.797851044678497
45,"18","F","inland",132,0.864984555171175
45,"18","M","fishing",55,0.721746792206916
45,"18","M","inland",151,0.732931854723261
46,"06","F","inland",52,0.827611151759723
46,"06","M","inland",40,0.687970906511448
46,"07","F","inland",43,0.82258367503362
46,"07","M","inland",33,0.687276899885545
46,"08","F","inland",51,0.854009044487202
46,"08","M","inland",40,0.697940010640228
46,"09","F","inland",51,0.8353724127793
46,"09","M","inland",39,0.716111008061325
46,"10","F","inland",68,0.851374659025223
46,"10","M","inland",36,0.683928533631698
46,"11","F","inland",91,0.898047930887695
46,"11","M","inland",34,0.76639950890574
46,"12","F","inland",63,0.846422364254824
46,"12","M","inland",41,0.72983049207542
46,"13","F","inland",71,0.823131253859332
46,"13","M","inland",41,0.739561942567904
46,"14","F","inland",88,0.809626372405503
46,"14","M","inland",50,0.705285982634881
46,"15","F","fishing",7,0.814888420258115
46,"15","F","inland",63,0.802047777502972
46,"15","M","fishing",19,0.687701902504449
46,"15","M","inland",73,0.696513149791032
46,"15S","F","fishing",16,0.815105223681557
46,"15S","M","fishing",27,0.638010990823908
46,"16","F","fishing",14,0.763147398014857
46,"16","F","inland",88,0.81995994771917
46,"16","M","fishing",24,0.640130587551989
46,"16","M","inland",101,0.736979779203915
46,"17","F","fishing",21,0.67342875210301
46,"17","F","inland",122,0.873422225576377
46,"17","M","fishing",40,0.598955778169535
46,"17","M","inland",118,0.746522966921809
46,"18","F","fishing",12,0.789595448651673
46,"18","F","inland",136,0.860963646885385
46,"18","M","fishing",45,0.722337635495873
46,"18","M","inland",114,0.742557620830604
47,"06","F","inland",69,0.834392988248041
47,"06","M","inland",32,0.711251009644597
47,"07","F","inland",48,0.838149877480756
47,"07","M","inland",40,0.679788043966537
47,"08","F","inland",46,0.85575048313867
47,"08","M","inland",32,0.702500366511947
47,"09","F","inland",46,0.828511934202127
47,"09","M","inland",36,0.715090528556262
47,"10","F","inland",51,0.854403757389691
47,"10","M","inland",26,0.68151976865578
47,"11","F","inland",72,0.904638524427808
47,"11","M","inland",38,0.776477624303588
47,"12","F","inland",67,0.849126612141899
47,"12","M","inland",44,0.74352334102631
47,"13","F","inland",63,0.806677354323442
47,"13","M","inland",45,0.740365229935042
47,"14","F","inland",87,0.791539621052785
47,"14","M","inland",46,0.691700950177058
47,"15","F","fishing",11,0.744197970977654
47,"15","F","inland",83,0.78262321936327
47,"15","M","fishing",18,0.655104075881583
47,"15","M","inland",79,0.689052783836568
47,"15S","F","fishing",9,0.768596360757318
47,"15S","M","fishing",19,0.628680024233241
47,"16","F","fishing",11,0.741251741257047
47,"16","F","inland",80,0.793440468161728
47,"16","M","fishing",26,0.621940357130882
47,"16","M","inland",95,0.733190424375829
47,"17","F","fishing",12,0.638181441764399
47,"17","F","inland",90,0.852072815483074
47,"17","M","fishing",29,0.603824686777706
47,"17","M","inland",117,0.749925674918218
47,"18","F","fishing",20,0.772812885487806
47,"18","F","inland",105,0.852653600805282
47,"18","M","fishing",32,0.715077152455361
47,"18","M","inland",119,0.750977039199208
48,"06","F","inland",46,0.841787877690254
48,"06","M","inland",42,0.739951027574102
48,"07","F","inland",69,0.860296272733257
48,"07","M","inland",35,0.667272073083602
48,"08","F","inland",52,0.856834376169811
48,"08","M","inland",43,0.70692056609774
48,"09","F","inland",39,0.814538747994679
48,"09","M","inland",28,0.70366006338865
48,"10","F","inland",45,0.855366332299254
48,"10","M","inland",32,0.672540066186967
48,"11","F","inland",56,0.909919434796553
48,"11","M","inland",36,0.78838536303582
48,"12","F","inland",81,0.849379829542853
48,"12","M","inland",37,0.7563657542855
48,"13","F","inland",52,0.787166109920912
48,"13","M","inland",41,0.736282624388928
48,"14","F","inland",65,0.771870512088284
48,"14","M","inland",42,0.667932502275007
48,"15","F","fishing",7,0.654145773042887
48,"15","F","inland",82,0.760843239979952
48,"15","M","fishing",15,0.610886753988992
48,"15","M","inland",56,0.672615462092715
48,"15S","F","fishing",12,0.691223063199398
48,"15S","M","fishing",18,0.620104639308349
48,"16","F","fishing",7,0.702270809959702
48,"16","F","inland",71,0.757438442391703
48,"16","M","fishing",14,0.590789006564912
48,"16","M","inland",75,0.722874387704514
48,"17","F","fishing",12,0.588357178616619
48,"17","F","inland",88,0.81991078416167
48,"17","M","fishing",32,0.606425788528346
48,"17","M","inland",87,0.747733837455088
48,"18","F","fishing",12,0.738830456672545
48,"18","F","inland",111,0.839045740143349
48,"18","M","fishing",41,0.693063882995801
48,"18","M","inland",100,0.757539697586521
49,"06","F","inland",45,0.849838382974242
49,"06","M","inland",35,0.772297628030337
49,"07","F","inland",51,0.889158238053819
49,"07","M","inland",36,0.651252905608754
49,"08","F","inland",62,0.857184192014174
49,"08","M","inland",41,0.711577829972423
49,"09","F","inland",35,0.788728151310582
49,"09","M","inland",28,0.682856670573477
49,"10","F","inland",40,0.853734964330343
49,"10","M","inland",28,0.657897326640609
49,"11","F","inland",56,0.914007229291786
49,"11","M","inland",30,0.801437446386947
49,"12","F","inland",54,0.847885304549884
49,"12","M","inland",35,0.767654930723523
49,"13","F","inland",77,0.76663874404939
49,"13","M","inland",39,0.726161623079146
49,"14","F","inland",46,0.752258050777627
49,"14","M","inland",30,0.627413888650605
49,"15","F","fishing",8,0.554679146093188
49,"15","F","inland",68,0.73900725345111
49,"15","M","fishing",14,0.551155129708394
49,"15","M","inland",37,0.641816404913335
49,"15S","F","fishing",4,0.567164028408054
49,"15S","M","fishing",15,0.610272204846683
49,"16","F","fishing",13,0.645092853575964
49,"16","F","inland",63,0.711072724761712
49,"16","M","fishing",18,0.541825528624498
49,"16","M","inland",72,0.704236871655791
49,"17","F","fishing",6,0.51577407891128
49,"17","F","inland",74,0.773005594508931
49,"17","M","fishing",11,0.606526584175767
49,"17","M","inland",78,0.738716872194552
49,"18","F","fishing",9,0.647022070380013
49,"18","F","inland",76,0.816422481204853
49,"18","M","fishing",20,0.648397548567412
49,"18","M","inland",94,0.761925377587081
