"SEX","COMM","AGEYRS","ELIGIBLE","ROUND","ALREADY_SEEN","DEAD","NOT_WITHIN_ELIGIBLE_AGE_RANGE","OUT_MIGRATED","NONE","NOT_RESIDENT","SEX_INDEX","COMM_INDEX","ELIGIBLE_NOT_SMOOTH"
"F","inland",15,341.5572875158,"06",2,0,0,16,365,57,0,0,373
"F","inland",16,339.156327506205,"06",0,0,0,9,316,73,0,0,320
"F","inland",17,335.519724666192,"06",3,0,0,3,278,53,0,0,280
"F","inland",18,330.560522642935,"06",1,0,0,12,334,85,0,0,340
"F","inland",19,324.421181900172,"06",2,0,0,5,342,65,0,0,344
"F","inland",20,317.770394037115,"06",1,0,0,9,383,75,0,0,388
"F","inland",21,309.937746614486,"06",1,0,0,2,255,36,0,0,256
"F","inland",22,299.844958157969,"06",1,0,0,12,278,51,0,0,284
"F","inland",23,287.901337715945,"06",1,0,0,2,290,43,0,0,291
"F","inland",24,274.761083328348,"06",1,1,0,4,274,31,0,0,276
"F","inland",25,260.73246325112,"06",0,0,0,6,265,41,0,0,268
"F","inland",26,245.825864415806,"06",1,1,0,3,255,30,0,0,256
"F","inland",27,228.960706961433,"06",1,0,0,2,212,29,0,0,213
"F","inland",28,210.831933155806,"06",0,2,0,3,215,26,0,0,216
"F","inland",29,187.659207308069,"06",0,0,0,1,181,22,0,0,182
"F","inland",30,165.374680160475,"06",1,2,0,1,201,18,0,0,202
"F","inland",31,148.868865836793,"06",1,1,0,1,121,18,0,0,122
"F","inland",32,134.839420801973,"06",1,0,0,1,136,11,0,0,136
"F","inland",33,126.178403875699,"06",0,1,0,2,98,12,0,0,99
"F","inland",34,120.994014372004,"06",0,1,0,0,110,10,0,0,110
"F","inland",35,117.063576318551,"06",1,0,0,2,143,14,0,0,144
"F","inland",36,118.563072699973,"06",0,0,0,0,131,12,0,0,131
"F","inland",37,120.640581196707,"06",0,0,0,1,116,9,0,0,116
"F","inland",38,118.000800890047,"06",0,0,0,0,101,11,0,0,101
"F","inland",39,114.000083516063,"06",0,0,0,0,113,6,0,0,113
"F","inland",40,105.203491955462,"06",0,3,0,0,130,12,0,0,130
"F","inland",41,95.7310583520565,"06",0,0,0,0,100,2,0,0,100
"F","inland",42,88.2427548434232,"06",0,1,0,1,77,2,0,0,78
"F","inland",43,81.3237484450818,"06",0,1,0,0,79,5,0,0,79
"F","inland",44,75.5557055022839,"06",0,0,0,0,58,8,0,0,58
"F","inland",45,70.2708568777781,"06",0,0,0,0,67,9,0,0,67
"F","inland",46,65.5558498938667,"06",0,0,0,0,62,4,0,0,62
"F","inland",47,61.4409795843475,"06",0,0,0,0,79,4,0,0,79
"F","inland",48,58.2229639876926,"06",0,0,0,0,60,2,0,0,60
"F","inland",49,55.7224036771528,"06",0,0,0,0,50,5,0,0,50
"M","inland",15,304.554359786062,"06",0,0,0,9,318,51,1,0,322
"M","inland",16,290.68971700471,"06",0,0,0,4,273,44,1,0,275
"M","inland",17,277.785497523229,"06",0,1,0,6,239,48,1,0,242
"M","inland",18,265.747601017344,"06",2,0,0,11,284,80,1,0,290
"M","inland",19,254.778420289268,"06",1,1,0,5,244,58,1,0,246
"M","inland",20,245.313779949317,"06",2,0,0,5,321,57,1,0,324
"M","inland",21,236.942664474726,"06",2,0,0,3,178,31,1,0,180
"M","inland",22,228.600656364205,"06",1,1,0,1,229,38,1,0,230
"M","inland",23,220.947944110005,"06",2,1,0,0,198,29,1,0,198
"M","inland",24,216.363218534324,"06",6,0,0,4,212,36,1,0,214
"M","inland",25,214.106301121479,"06",5,1,0,4,239,35,1,0,241
"M","inland",26,211.14664755208,"06",1,1,0,1,197,25,1,0,198
"M","inland",27,208.888906859984,"06",8,0,0,1,221,26,1,0,222
"M","inland",28,205.390498640007,"06",3,0,0,1,194,22,1,0,194
"M","inland",29,195.619515822798,"06",6,0,0,4,175,23,1,0,177
"M","inland",30,184.721840267577,"06",7,0,0,2,237,44,1,0,238
"M","inland",31,175.20079874986,"06",5,0,0,1,148,19,1,0,148
"M","inland",32,165.069889805905,"06",0,0,0,2,166,17,1,0,167
"M","inland",33,153.281296099523,"06",5,0,0,2,131,9,1,0,132
"M","inland",34,140.296897746765,"06",7,0,0,1,142,12,1,0,142
"M","inland",35,128.861793482015,"06",6,0,0,0,161,18,1,0,161
"M","inland",36,120.897712929273,"06",1,0,0,2,113,9,1,0,114
"M","inland",37,113.526533856036,"06",4,0,0,0,100,8,1,0,100
"M","inland",38,104.682144596357,"06",6,0,0,2,92,12,1,0,93
"M","inland",39,95.8999590492569,"06",6,0,0,1,89,3,1,0,90
"M","inland",40,87.5372945291997,"06",2,1,0,0,126,14,1,0,126
"M","inland",41,79.6746748948986,"06",2,0,0,0,70,5,1,0,70
"M","inland",42,71.7930458113062,"06",4,0,0,1,62,11,1,0,62
"M","inland",43,64.76809737225,"06",3,0,0,3,65,8,1,0,66
"M","inland",44,59.2667730682624,"06",3,0,0,0,56,6,1,0,56
"M","inland",45,54.7034627827971,"06",0,0,0,2,51,7,1,0,52
"M","inland",46,51.257414842269,"06",1,0,0,0,47,4,1,0,47
"M","inland",47,48.8368023233632,"06",2,0,0,1,43,7,1,0,44
"M","inland",48,47.6787850737802,"06",4,0,0,0,54,8,1,0,54
"M","inland",49,47.6603368610574,"06",1,0,0,0,49,4,1,0,49
"F","inland",15,346.377579813461,"07",0,0,0,16,356,93,0,0,364
"F","inland",16,349.21460751431,"07",0,0,0,10,334,68,0,0,339
"F","inland",17,349.801996066788,"07",0,0,0,12,306,89,0,0,312
"F","inland",18,347.848037474749,"07",2,0,0,17,344,91,0,0,352
"F","inland",19,343.851877466855,"07",1,0,0,11,329,91,0,0,334
"F","inland",20,338.15750850173,"07",2,0,0,7,429,98,0,0,432
"F","inland",21,330.591675437572,"07",3,0,0,3,324,59,0,0,326
"F","inland",22,319.644599896302,"07",2,0,0,6,266,56,0,0,269
"F","inland",23,306.424540006568,"07",2,2,0,2,301,63,0,0,302
"F","inland",24,292.958925667472,"07",1,1,0,5,278,56,0,0,280
"F","inland",25,278.670477293819,"07",3,1,0,5,303,47,0,0,306
"F","inland",26,263.618320443537,"07",2,1,0,4,250,53,0,0,252
"F","inland",27,249.197507398708,"07",0,0,0,1,256,36,0,0,256
"F","inland",28,233.31237627195,"07",1,0,0,5,226,34,0,0,228
"F","inland",29,208.08249381596,"07",2,1,0,0,205,29,0,0,205
"F","inland",30,182.929498827275,"07",2,0,0,2,235,30,0,0,236
"F","inland",31,162.79320027919,"07",1,0,0,2,127,21,0,0,128
"F","inland",32,144.959024214865,"07",1,1,0,1,132,18,0,0,132
"F","inland",33,133.518052267342,"07",0,0,0,2,110,11,0,0,111
"F","inland",34,125.544844941027,"07",0,0,0,0,115,14,0,0,115
"F","inland",35,119.80920851724,"07",0,1,0,0,153,15,0,0,153
"F","inland",36,121.333229195005,"07",1,0,0,1,124,14,0,0,124
"F","inland",37,124.076259609896,"07",0,0,0,1,122,15,0,0,122
"F","inland",38,122.258387730201,"07",0,0,0,1,114,12,0,0,114
"F","inland",39,119.274225712176,"07",0,0,0,0,101,8,0,0,101
"F","inland",40,112.63148955517,"07",0,1,0,1,149,9,0,0,150
"F","inland",41,104.966852606079,"07",0,0,0,1,100,9,0,0,100
"F","inland",42,96.230138240975,"07",0,0,0,0,95,3,0,0,95
"F","inland",43,87.7839378676683,"07",0,0,0,1,83,9,0,0,84
"F","inland",44,81.1958341250399,"07",0,0,0,1,73,4,0,0,74
"F","inland",45,75.0066188924371,"07",1,0,0,1,70,3,0,0,70
"F","inland",46,69.4905655672915,"07",0,0,0,1,55,4,0,0,56
"F","inland",47,64.5159808826041,"07",0,0,0,0,58,5,0,0,58
"F","inland",48,60.5004428586975,"07",1,0,0,0,78,5,0,0,78
"F","inland",49,57.2311815742391,"07",0,0,0,0,56,0,0,0,56
"M","inland",15,333.851063143518,"07",0,0,0,6,360,48,1,0,363
"M","inland",16,312.785256534045,"07",0,0,0,5,295,54,1,0,298
"M","inland",17,294.255519927773,"07",0,0,0,6,253,43,1,0,256
"M","inland",18,278.387521936765,"07",0,0,0,4,302,76,1,0,304
"M","inland",19,264.907730793656,"07",2,0,0,2,207,79,1,0,208
"M","inland",20,254.414020106155,"07",1,1,0,7,321,80,1,0,324
"M","inland",21,246.191910759037,"07",1,1,0,3,222,36,1,0,224
"M","inland",22,241.318695380389,"07",1,0,0,3,237,39,1,0,238
"M","inland",23,238.088733758117,"07",5,0,0,4,242,29,1,0,244
"M","inland",24,235.138261252495,"07",4,0,0,3,201,39,1,0,202
"M","inland",25,233.65771860713,"07",2,0,0,1,259,36,1,0,260
"M","inland",26,231.020741927472,"07",6,0,0,0,221,30,1,0,221
"M","inland",27,229.933754150328,"07",4,0,0,1,231,44,1,0,232
"M","inland",28,227.217787627743,"07",7,0,0,2,247,22,1,0,248
"M","inland",29,216.633659277557,"07",3,0,0,1,175,28,1,0,176
"M","inland",30,204.304439444372,"07",7,0,0,4,255,41,1,0,257
"M","inland",31,190.338177985337,"07",9,0,0,4,176,27,1,0,178
"M","inland",32,175.746684410522,"07",4,0,0,4,176,19,1,0,178
"M","inland",33,162.618295754104,"07",4,0,0,3,134,17,1,0,136
"M","inland",34,148.933766945663,"07",3,0,0,1,135,22,1,0,136
"M","inland",35,136.97629467613,"07",5,0,0,1,162,27,1,0,162
"M","inland",36,129.399428504544,"07",7,0,0,0,136,13,1,0,136
"M","inland",37,122.598781420913,"07",3,0,0,1,111,13,1,0,112
"M","inland",38,113.911177749753,"07",3,0,0,0,118,17,1,0,118
"M","inland",39,105.210886900611,"07",4,0,0,1,79,4,1,0,80
"M","inland",40,95.0634162961304,"07",6,0,0,1,133,15,1,0,134
"M","inland",41,85.3024185507663,"07",1,1,0,1,81,5,1,0,82
"M","inland",42,77.3354618956168,"07",1,0,0,1,63,10,1,0,64
"M","inland",43,70.399398190692,"07",4,0,0,0,66,3,1,0,66
"M","inland",44,64.7836610407616,"07",3,0,0,1,60,5,1,0,60
"M","inland",45,60.2633710767963,"07",2,1,0,1,74,4,1,0,74
"M","inland",46,56.9921188866494,"07",0,0,0,1,44,10,1,0,44
"M","inland",47,54.8776921636989,"07",3,0,0,1,57,5,1,0,58
"M","inland",48,54.0632892603425,"07",2,0,0,1,54,5,1,0,54
"M","inland",49,54.4683294980715,"07",2,0,0,1,55,6,1,0,56
"F","inland",15,360.438048797091,"08",1,1,0,4,380,106,0,0,382
"F","inland",16,366.344238384259,"08",0,0,0,10,367,117,0,0,372
"F","inland",17,369.866230057141,"08",1,0,0,12,296,92,0,0,302
"F","inland",18,370.856533330898,"08",0,0,0,10,391,124,0,0,396
"F","inland",19,369.49454242154,"08",4,0,0,10,358,101,0,0,363
"F","inland",20,366.129735783662,"08",1,0,0,10,375,130,0,0,380
"F","inland",21,360.486449568108,"08",1,1,0,9,387,80,0,0,392
"F","inland",22,352.433872650138,"08",0,1,0,5,345,65,0,0,348
"F","inland",23,341.639144438334,"08",1,0,0,9,328,72,0,0,332
"F","inland",24,327.008508018308,"08",1,0,0,5,306,70,0,0,308
"F","inland",25,309.416495668098,"08",0,0,0,4,304,65,0,0,306
"F","inland",26,290.950195569491,"08",1,0,0,4,301,66,0,0,303
"F","inland",27,272.459206104858,"08",1,1,0,4,267,52,0,0,269
"F","inland",28,252.733976085542,"08",0,0,0,1,270,46,0,0,270
"F","inland",29,226.899825940125,"08",3,0,0,3,212,42,0,0,214
"F","inland",30,201.182212171318,"08",1,3,0,3,223,44,0,0,224
"F","inland",31,177.357183490572,"08",2,0,0,2,170,22,0,0,171
"F","inland",32,155.836309091153,"08",0,0,0,3,143,27,0,0,144
"F","inland",33,142.635862693015,"08",1,1,0,0,119,16,0,0,119
"F","inland",34,133.480599410526,"08",0,0,0,0,130,25,0,0,130
"F","inland",35,126.535089994468,"08",0,0,0,4,137,28,0,0,139
"F","inland",36,125.437754326557,"08",2,0,0,4,131,15,0,0,133
"F","inland",37,126.000900365499,"08",1,1,0,3,121,18,0,0,122
"F","inland",38,124.914939292199,"08",0,1,0,1,134,8,0,0,134
"F","inland",39,123.36927131936,"08",0,0,0,1,109,11,0,0,110
"F","inland",40,118.941398614665,"08",0,0,0,2,119,12,0,0,120
"F","inland",41,113.383927427146,"08",0,0,0,0,124,11,0,0,124
"F","inland",42,105.043370783586,"08",1,0,0,1,103,8,0,0,104
"F","inland",43,96.4193670817312,"08",0,0,0,0,103,10,0,0,103
"F","inland",44,89.0712269556818,"08",0,0,0,2,81,4,0,0,82
"F","inland",45,81.7650514347197,"08",0,0,0,1,83,9,0,0,84
"F","inland",46,74.9111812813465,"08",0,0,0,1,60,5,0,0,60
"F","inland",47,68.2107354602312,"08",0,0,0,0,52,5,0,0,52
"F","inland",48,61.9879143069677,"08",0,0,0,0,64,3,0,0,64
"F","inland",49,56.0976951144948,"08",0,0,0,0,70,3,0,0,70
"M","inland",15,351.698627428655,"08",0,0,0,5,361,71,1,0,364
"M","inland",16,333.891034042371,"08",0,0,0,3,344,69,1,0,346
"M","inland",17,318.140164680922,"08",2,0,0,3,277,65,1,0,278
"M","inland",18,304.633527772573,"08",1,0,0,2,327,100,1,0,328
"M","inland",19,292.976703212805,"08",0,0,0,3,252,72,1,0,254
"M","inland",20,283.499189888658,"08",2,2,0,7,299,94,1,0,302
"M","inland",21,275.731228904447,"08",2,0,0,1,264,53,1,0,264
"M","inland",22,271.193254768067,"08",3,0,0,3,284,66,1,0,286
"M","inland",23,268.013892439364,"08",2,0,0,2,272,63,1,0,273
"M","inland",24,264.421191858101,"08",2,0,0,1,250,42,1,0,250
"M","inland",25,261.66051138439,"08",5,0,0,3,266,56,1,0,268
"M","inland",26,257.445548026166,"08",5,0,0,2,247,49,1,0,248
"M","inland",27,253.159825393842,"08",5,0,0,2,255,47,1,0,256
"M","inland",28,247.314009912181,"08",4,0,0,2,241,49,1,0,242
"M","inland",29,236.845128274085,"08",9,0,0,2,244,28,1,0,245
"M","inland",30,224.851294268932,"08",5,0,0,2,254,49,1,0,255
"M","inland",31,210.034071132575,"08",8,0,0,3,185,24,1,0,186
"M","inland",32,194.265887949945,"08",7,1,0,1,206,25,1,0,206
"M","inland",33,178.862189809652,"08",7,0,0,1,151,26,1,0,152
"M","inland",34,162.369224531831,"08",2,1,0,1,164,21,1,0,164
"M","inland",35,148.035536861566,"08",2,1,0,2,159,28,1,0,160
"M","inland",36,138.193635388499,"08",5,0,0,0,143,28,1,0,143
"M","inland",37,129.399589494287,"08",12,1,0,1,117,27,1,0,118
"M","inland",38,119.738967931394,"08",5,1,0,2,121,16,1,0,122
"M","inland",39,110.442918084057,"08",4,0,0,1,98,11,1,0,98
"M","inland",40,100.816185858084,"08",6,0,0,1,123,22,1,0,124
"M","inland",41,91.7776778858868,"08",6,0,0,0,89,11,1,0,89
"M","inland",42,83.5985232842662,"08",3,1,0,1,84,10,1,0,84
"M","inland",43,76.2798516169155,"08",1,2,0,0,68,11,1,0,68
"M","inland",44,70.0924330488528,"08",3,0,0,0,56,9,1,0,56
"M","inland",45,64.876496709822,"08",5,0,0,2,85,13,1,0,86
"M","inland",46,60.8257647382094,"08",0,0,0,0,55,9,1,0,55
"M","inland",47,57.8083867210762,"08",2,0,0,0,48,8,1,0,48
"M","inland",48,55.9574712098446,"08",3,1,0,1,57,9,1,0,58
"M","inland",49,55.2008635267984,"08",1,0,0,0,59,4,1,0,59
"F","inland",15,359.072156950593,"09",0,0,0,16,384,88,0,0,392
"F","inland",16,342.877897133465,"09",0,0,0,14,334,101,0,0,341
"F","inland",17,328.030770157478,"09",0,0,0,15,267,84,0,0,274
"F","inland",18,314.713140040441,"09",0,0,0,25,289,123,0,0,302
"F","inland",19,302.499978261708,"09",0,0,0,15,317,103,0,0,324
"F","inland",20,292.101147931998,"09",0,1,0,12,287,111,0,0,293
"F","inland",21,282.637091329676,"09",0,0,0,3,260,100,0,0,262
"F","inland",22,275.567132642822,"09",0,0,0,7,290,101,0,0,294
"F","inland",23,268.68717231753,"09",0,1,0,3,285,72,0,0,286
"F","inland",24,258.866110755314,"09",1,0,0,7,230,83,0,0,234
"F","inland",25,248.30525988774,"09",2,0,0,6,250,76,0,0,253
"F","inland",26,236.630230394168,"09",0,0,0,5,223,66,0,0,226
"F","inland",27,224.052089906035,"09",0,0,0,2,235,54,0,0,236
"F","inland",28,210.079986984825,"09",0,0,0,3,211,57,0,0,212
"F","inland",29,192.672071826277,"09",0,0,0,4,182,43,0,0,184
"F","inland",30,174.688778625928,"09",0,0,0,5,197,31,0,0,200
"F","inland",31,154.188634062532,"09",1,0,0,0,146,30,0,0,146
"F","inland",32,134.664067658543,"09",2,0,0,2,139,19,0,0,140
"F","inland",33,120.890873064315,"09",1,1,0,2,99,20,0,0,100
"F","inland",34,109.01368368413,"09",0,1,0,5,95,16,0,0,98
"F","inland",35,100.162771488555,"09",0,0,0,1,109,28,0,0,110
"F","inland",36,97.4766675708082,"09",1,0,0,0,84,20,0,0,84
"F","inland",37,96.8476286931661,"09",0,0,0,1,112,19,0,0,112
"F","inland",38,96.8923628285341,"09",0,0,0,0,102,22,0,0,102
"F","inland",39,97.3626325971631,"09",0,0,0,0,89,8,0,0,89
"F","inland",40,95.7866696292293,"09",0,0,0,1,105,16,0,0,106
"F","inland",41,93.5966508711422,"09",0,1,0,2,76,10,0,0,77
"F","inland",42,89.9885114951554,"09",0,0,0,3,104,9,0,0,106
"F","inland",43,85.5026724609448,"09",0,0,0,2,82,11,0,0,83
"F","inland",44,80.0832536149279,"09",0,1,0,0,68,5,0,0,68
"F","inland",45,73.8547457912724,"09",0,1,0,0,94,7,0,0,94
"F","inland",46,66.8710864579295,"09",0,0,0,1,61,2,0,0,62
"F","inland",47,59.069349347927,"09",0,0,0,0,50,6,0,0,50
"F","inland",48,50.4131610016367,"09",0,0,0,0,51,7,0,0,51
"F","inland",49,40.9270001054796,"09",0,0,0,3,43,5,0,0,44
"M","inland",15,379.043275860716,"09",0,0,0,12,405,61,1,0,411
"M","inland",16,340.318352973351,"09",0,0,0,7,334,65,1,0,338
"M","inland",17,306.699765680371,"09",0,1,0,9,249,50,1,0,254
"M","inland",18,278.603597467211,"09",0,0,0,6,290,85,1,0,293
"M","inland",19,255.227076344879,"09",0,0,0,5,233,77,1,0,236
"M","inland",20,237.400392106019,"09",0,0,0,6,250,80,1,0,253
"M","inland",21,223.96218606859,"09",1,0,0,5,181,63,1,0,184
"M","inland",22,217.300416503287,"09",2,0,0,1,229,66,1,0,230
"M","inland",23,214.234327589249,"09",3,0,0,5,229,68,1,0,232
"M","inland",24,211.949398470234,"09",0,0,0,5,197,63,1,0,200
"M","inland",25,212.604276790353,"09",1,1,0,1,227,54,1,0,228
"M","inland",26,211.228027153093,"09",0,0,0,3,184,41,1,0,186
"M","inland",27,208.053963101623,"09",4,0,0,6,217,39,1,0,220
"M","inland",28,203.174523564238,"09",7,0,0,6,201,55,1,0,204
"M","inland",29,193.726237463628,"09",6,0,0,4,179,43,1,0,181
"M","inland",30,183.016993455149,"09",10,0,0,1,236,55,1,0,236
"M","inland",31,170.024225936207,"09",4,0,0,0,133,29,1,0,133
"M","inland",32,156.541182297091,"09",6,0,0,1,173,40,1,0,174
"M","inland",33,144.998013439696,"09",8,1,0,4,116,28,1,0,118
"M","inland",34,133.174134948518,"09",5,0,0,4,122,16,1,0,124
"M","inland",35,122.391955616969,"09",1,0,0,1,133,28,1,0,134
"M","inland",36,114.384603572102,"09",2,0,0,2,126,27,1,0,127
"M","inland",37,107.169575339199,"09",5,1,0,0,99,19,1,0,99
"M","inland",38,99.0503291444968,"09",8,0,0,2,118,13,1,0,119
"M","inland",39,90.9794765203003,"09",5,0,0,2,59,17,1,0,60
"M","inland",40,81.4108884930649,"09",3,1,0,3,89,14,1,0,90
"M","inland",41,72.2443623341085,"09",4,0,0,1,78,14,1,0,78
"M","inland",42,65.4477141890478,"09",3,0,0,3,65,10,1,0,66
"M","inland",43,59.6183362191976,"09",3,1,0,1,65,9,1,0,66
"M","inland",44,54.7406344833211,"09",1,0,0,2,39,7,1,0,40
"M","inland",45,50.7283065572256,"09",2,0,0,1,53,16,1,0,54
"M","inland",46,47.4791917922208,"09",1,0,0,0,44,8,1,0,44
"M","inland",47,45.0942533286186,"09",1,0,0,1,54,5,1,0,54
"M","inland",48,43.5883890015923,"09",1,0,0,0,45,7,1,0,45
"M","inland",49,42.9524662547378,"09",2,0,0,0,39,5,1,0,39
"F","inland",15,409.727642846894,"10",0,0,0,15,465,86,0,0,472
"F","inland",16,376.712144198845,"10",0,0,0,13,354,92,0,0,360
"F","inland",17,348.223558905925,"10",0,0,0,16,278,109,0,0,286
"F","inland",18,324.903567633273,"10",0,0,0,12,293,111,0,0,299
"F","inland",19,305.437769359423,"10",0,0,0,20,288,126,0,0,298
"F","inland",20,291.191973867697,"10",0,0,0,15,295,135,0,0,302
"F","inland",21,280.287685386693,"10",0,0,0,6,247,81,0,0,250
"F","inland",22,276.770100357809,"10",0,1,0,7,276,82,0,0,280
"F","inland",23,275.209541299896,"10",1,1,0,10,300,103,0,0,305
"F","inland",24,267.588957439034,"10",0,1,0,7,262,56,0,0,266
"F","inland",25,259.147613001019,"10",2,0,0,9,277,79,0,0,282
"F","inland",26,248.969863482099,"10",0,1,0,3,209,69,0,0,210
"F","inland",27,235.782735520977,"10",0,0,0,7,227,49,0,0,230
"F","inland",28,220.879167407893,"10",0,1,0,6,231,62,0,0,234
"F","inland",29,204.781910321867,"10",0,0,0,4,203,25,0,0,205
"F","inland",30,188.105543991908,"10",0,2,0,2,209,39,0,0,210
"F","inland",31,169.532626250143,"10",0,0,0,2,159,21,0,0,160
"F","inland",32,151.227156353211,"10",1,0,0,1,147,25,0,0,148
"F","inland",33,134.528970355546,"10",1,0,0,0,135,17,0,0,135
"F","inland",34,117.886528683805,"10",1,0,0,0,102,9,0,0,102
"F","inland",35,105.255895831634,"10",1,0,0,2,103,19,0,0,104
"F","inland",36,99.409662124891,"10",0,0,0,0,112,18,0,0,112
"F","inland",37,95.932736310176,"10",1,0,0,0,75,18,0,0,75
"F","inland",38,94.5159878498251,"10",0,0,0,0,110,20,0,0,110
"F","inland",39,94.2151926300001,"10",0,0,0,0,85,11,0,0,85
"F","inland",40,93.457726379251,"10",0,1,0,0,110,15,0,0,110
"F","inland",41,92.7455736862108,"10",0,0,0,0,84,4,0,0,84
"F","inland",42,90.8887835590277,"10",0,0,0,2,90,5,0,0,91
"F","inland",43,88.1126377599512,"10",0,0,0,0,93,7,0,0,93
"F","inland",44,83.6855448219378,"10",0,0,0,0,72,5,0,0,72
"F","inland",45,78.2936668740991,"10",0,0,0,0,90,14,0,0,90
"F","inland",46,71.8416413399205,"10",0,0,0,0,82,5,0,0,82
"F","inland",47,64.384228415204,"10",0,0,0,0,57,6,0,0,57
"F","inland",48,55.78861972468,"10",0,0,0,0,54,4,0,0,54
"F","inland",49,46.1224774294124,"10",0,0,0,0,46,0,0,0,46
"M","inland",15,416.809649969366,"10",0,0,0,8,443,71,1,0,447
"M","inland",16,366.187859649782,"10",0,0,0,4,358,60,1,0,360
"M","inland",17,322.237225629033,"10",0,0,0,8,267,50,1,0,271
"M","inland",18,285.417702058263,"10",0,0,0,5,312,75,1,0,314
"M","inland",19,254.886283404486,"10",0,1,0,7,234,60,1,0,238
"M","inland",20,231.46325229219,"10",1,1,0,10,221,80,1,0,226
"M","inland",21,213.962859733884,"10",0,0,0,5,193,66,1,0,196
"M","inland",22,204.539838496868,"10",1,0,0,2,193,72,1,0,194
"M","inland",23,200.285691843424,"10",1,0,0,3,204,68,1,0,206
"M","inland",24,199.866147357131,"10",6,0,0,3,218,54,1,0,220
"M","inland",25,204.744469977878,"10",1,0,0,3,206,86,1,0,208
"M","inland",26,207.333639438909,"10",5,0,0,1,196,56,1,0,196
"M","inland",27,208.267293128054,"10",2,0,0,3,188,50,1,0,190
"M","inland",28,207.310237459513,"10",3,1,0,0,211,52,1,0,211
"M","inland",29,200.595008434073,"10",6,1,0,0,215,31,1,0,215
"M","inland",30,192.072616376912,"10",6,0,0,2,223,73,1,0,224
"M","inland",31,180.496193606297,"10",8,0,0,1,165,26,1,0,166
"M","inland",32,167.770364470219,"10",4,0,0,4,165,42,1,0,167
"M","inland",33,155.218583786816,"10",2,0,0,3,127,17,1,0,128
"M","inland",34,141.23977231012,"10",5,0,0,1,140,20,1,0,140
"M","inland",35,129.011811747938,"10",3,0,0,2,141,24,1,0,142
"M","inland",36,121.265577581489,"10",3,1,0,0,119,25,1,0,119
"M","inland",37,114.216023191017,"10",2,0,0,1,111,13,1,0,112
"M","inland",38,105.005794111055,"10",5,0,0,4,117,22,1,0,119
"M","inland",39,95.8604877622053,"10",6,0,0,2,80,5,1,0,81
"M","inland",40,85.9162916339048,"10",3,1,0,0,97,22,1,0,97
"M","inland",41,76.4294535994327,"10",4,0,0,1,70,15,1,0,70
"M","inland",42,68.9683915234734,"10",6,0,0,0,72,14,1,0,72
"M","inland",43,62.429609386097,"10",2,0,0,0,51,8,1,0,51
"M","inland",44,56.8418313392659,"10",2,0,0,0,65,5,1,0,65
"M","inland",45,52.1654819133593,"10",0,0,0,1,48,8,1,0,48
"M","inland",46,48.4257944964204,"10",4,0,0,0,54,7,1,0,54
"M","inland",47,45.6102427712859,"10",0,0,0,0,42,11,1,0,42
"M","inland",48,43.7380226442802,"10",1,0,0,0,48,6,1,0,48
"M","inland",49,42.7906354963803,"10",2,0,0,0,40,8,1,0,40
"F","inland",15,413.656739130318,"11",0,0,0,21,433,121,0,0,444
"F","inland",16,380.686926122757,"11",0,1,0,22,371,130,0,0,382
"F","inland",17,352.244263717601,"11",0,0,0,13,307,94,0,0,314
"F","inland",18,328.909971945553,"11",3,1,0,15,319,114,0,0,326
"F","inland",19,309.587305017128,"11",3,0,0,20,270,104,0,0,280
"F","inland",20,295.227521711227,"11",5,0,0,12,302,114,0,0,308
"F","inland",21,284.442566384131,"11",3,0,0,9,258,84,0,0,262
"F","inland",22,280.843643131097,"11",6,1,0,7,277,91,0,0,280
"F","inland",23,279.942582761265,"11",6,0,0,11,281,93,0,0,286
"F","inland",24,276.445512526664,"11",3,0,0,7,260,75,0,0,264
"F","inland",25,273.822540122924,"11",3,0,0,11,299,85,0,0,304
"F","inland",26,268.028216369285,"11",6,0,0,7,278,52,0,0,282
"F","inland",27,257.471223580611,"11",1,0,0,3,220,57,0,0,222
"F","inland",28,244.680228754322,"11",2,0,0,4,254,58,0,0,256
"F","inland",29,227.99783378765,"11",5,1,0,7,218,33,0,0,222
"F","inland",30,210.136226139073,"11",1,0,0,5,238,46,0,0,240
"F","inland",31,193.560458318001,"11",4,0,0,4,169,28,0,0,171
"F","inland",32,176.836831666053,"11",1,0,0,3,179,20,0,0,180
"F","inland",33,159.437764816105,"11",0,0,0,1,148,22,0,0,148
"F","inland",34,141.245107912891,"11",0,1,0,0,150,16,0,0,150
"F","inland",35,125.713787657428,"11",3,0,0,2,127,22,0,0,128
"F","inland",36,113.518983803625,"11",3,0,0,5,125,18,0,0,128
"F","inland",37,103.379041195105,"11",0,0,0,3,76,16,0,0,78
"F","inland",38,95.7583746189549,"11",0,0,0,2,100,19,0,0,101
"F","inland",39,89.7670038458218,"11",0,0,0,1,84,13,0,0,84
"F","inland",40,85.8782615251319,"11",0,1,0,1,84,14,0,0,84
"F","inland",41,83.6198782240473,"11",0,0,0,0,96,9,0,0,96
"F","inland",42,83.4704834309899,"11",0,0,0,0,92,14,0,0,92
"F","inland",43,83.4064286249419,"11",0,0,0,2,74,11,0,0,75
"F","inland",44,81.5488014326311,"11",1,0,0,0,67,5,0,0,67
"F","inland",45,79.4936305989094,"11",0,0,0,1,87,11,0,0,88
"F","inland",46,76.8379258359669,"11",0,0,0,0,101,11,0,0,101
"F","inland",47,73.8817167539467,"11",0,0,0,2,78,1,0,0,79
"F","inland",48,70.3188623198157,"11",0,0,0,0,61,4,0,0,61
"F","inland",49,66.2994929311304,"11",0,0,0,0,61,2,0,0,61
"M","inland",15,418.432371177021,"11",0,0,0,21,433,91,1,0,444
"M","inland",16,368.196931882921,"11",4,0,0,17,348,83,1,0,356
"M","inland",17,324.437976677063,"11",4,0,0,5,282,77,1,0,284
"M","inland",18,287.462416762418,"11",8,0,0,11,314,92,1,0,320
"M","inland",19,256.731644581,"11",8,0,0,2,227,69,1,0,228
"M","inland",20,232.951453510072,"11",13,0,0,1,258,80,1,0,258
"M","inland",21,215.162845311334,"11",3,0,0,8,189,53,1,0,193
"M","inland",22,204.722785418829,"11",8,0,0,2,197,69,1,0,198
"M","inland",23,199.63202771255,"11",3,0,0,5,183,58,1,0,186
"M","inland",24,200.368555763109,"11",9,2,0,6,200,51,1,0,203
"M","inland",25,207.329696191563,"11",10,0,0,8,228,47,1,0,232
"M","inland",26,212.110049065511,"11",11,0,0,3,201,49,1,0,202
"M","inland",27,217.17088181938,"11",7,0,0,4,200,41,1,0,202
"M","inland",28,220.209081710698,"11",8,0,0,3,224,48,1,0,226
"M","inland",29,213.845049866275,"11",19,0,0,0,216,38,1,0,216
"M","inland",30,205.016506991802,"11",7,0,0,3,246,70,1,0,248
"M","inland",31,193.619068538402,"11",9,0,0,3,165,29,1,0,166
"M","inland",32,180.796574385826,"11",10,0,0,1,200,27,1,0,200
"M","inland",33,167.620129907359,"11",11,0,0,0,136,27,1,0,136
"M","inland",34,152.516579840176,"11",10,0,0,2,127,24,1,0,128
"M","inland",35,139.315879043625,"11",11,0,0,3,168,27,1,0,170
"M","inland",36,130.953543228995,"11",10,0,0,1,140,18,1,0,140
"M","inland",37,123.308213581454,"11",8,0,0,1,115,25,1,0,116
"M","inland",38,113.529335250311,"11",9,0,0,0,112,21,1,0,112
"M","inland",39,103.794226480231,"11",4,0,0,1,84,5,1,0,84
"M","inland",40,92.8214219257409,"11",6,1,0,4,127,17,1,0,129
"M","inland",41,82.3342558462629,"11",6,0,0,0,68,24,1,0,68
"M","inland",42,74.720256943367,"11",5,0,0,4,73,17,1,0,75
"M","inland",43,67.9172361178054,"11",6,0,0,1,59,9,1,0,60
"M","inland",44,61.4861581432721,"11",6,1,0,0,49,13,1,0,49
"M","inland",45,55.8082333859878,"11",4,0,0,0,83,15,1,0,83
"M","inland",46,50.845885539047,"11",3,0,0,1,42,11,1,0,42
"M","inland",47,46.6304695897197,"11",1,0,0,0,46,7,1,0,46
"M","inland",48,43.1212334591051,"11",2,0,0,0,48,1,1,0,48
"M","inland",49,40.3325959475057,"11",1,1,0,1,36,4,1,0,36
"F","inland",15,430.658472171302,"12",0,0,0,12,444,121,0,0,450
"F","inland",16,397.88433990744,"12",0,0,0,9,395,146,0,0,400
"F","inland",17,369.514574358115,"12",0,1,0,15,329,109,0,0,336
"F","inland",18,345.995689717464,"12",3,0,0,15,356,152,0,0,364
"F","inland",19,326.522441156548,"12",2,0,0,9,283,116,0,0,288
"F","inland",20,311.815201779609,"12",3,1,0,17,336,136,0,0,344
"F","inland",21,300.817965910281,"12",2,0,0,5,250,108,0,0,252
"F","inland",22,296.151021442011,"12",3,0,0,7,305,113,0,0,308
"F","inland",23,294.57397646651,"12",3,0,0,2,296,109,0,0,297
"F","inland",24,293.753584610934,"12",4,0,0,4,290,85,0,0,292
"F","inland",25,295.1649709514,"12",0,1,0,10,302,84,0,0,307
"F","inland",26,291.910564125885,"12",2,0,0,8,271,75,0,0,275
"F","inland",27,281.232365770451,"12",5,0,0,3,312,56,0,0,314
"F","inland",28,268.262479327292,"12",0,0,0,8,270,79,0,0,274
"F","inland",29,252.476363811585,"12",5,0,0,4,243,59,0,0,245
"F","inland",30,235.243334904671,"12",1,0,0,2,222,53,0,0,223
"F","inland",31,217.938105259457,"12",3,0,0,2,198,33,0,0,199
"F","inland",32,200.154702447243,"12",2,0,0,3,218,35,0,0,220
"F","inland",33,183.687958029481,"12",2,0,0,2,178,31,0,0,179
"F","inland",34,167.478147276952,"12",0,0,0,1,180,22,0,0,180
"F","inland",35,152.35077447766,"12",2,1,0,2,150,21,0,0,151
"F","inland",36,136.567188860634,"12",1,0,0,2,135,19,0,0,136
"F","inland",37,121.837995775602,"12",0,0,0,2,111,18,0,0,112
"F","inland",38,109.919827671564,"12",3,0,0,2,109,13,0,0,110
"F","inland",39,99.8066817898307,"12",2,0,0,1,90,10,0,0,90
"F","inland",40,93.1910312241374,"12",2,0,0,1,113,13,0,0,114
"F","inland",41,88.4019450769151,"12",0,0,0,1,78,9,0,0,78
"F","inland",42,85.0135407017313,"12",0,0,0,1,80,13,0,0,80
"F","inland",43,82.6201000618704,"12",0,0,0,1,96,6,0,0,96
"F","inland",44,80.4140853532767,"12",0,0,0,1,68,6,0,0,68
"F","inland",45,78.9685334141847,"12",0,0,0,0,88,7,0,0,88
"F","inland",46,77.9625566581782,"12",0,0,0,1,79,3,0,0,80
"F","inland",47,77.6372435546427,"12",0,0,0,1,77,10,0,0,78
"F","inland",48,77.8075926633657,"12",0,0,0,0,91,5,0,0,91
"F","inland",49,78.5715993100987,"12",0,0,0,1,66,10,0,0,66
"M","inland",15,433.454440195875,"12",0,0,0,5,453,108,1,0,456
"M","inland",16,385.48799276215,"12",0,0,0,17,353,89,1,0,362
"M","inland",17,343.53552635254,"12",1,0,0,11,314,69,1,0,320
"M","inland",18,307.862092706022,"12",1,0,0,12,336,123,1,0,342
"M","inland",19,278.051594875418,"12",1,0,0,11,257,93,1,0,262
"M","inland",20,254.722682304653,"12",1,0,0,3,266,104,1,0,268
"M","inland",21,237.033190605186,"12",1,0,0,4,204,68,1,0,206
"M","inland",22,225.840788576165,"12",1,0,0,4,232,71,1,0,234
"M","inland",23,219.765693167709,"12",2,0,0,4,200,66,1,0,202
"M","inland",24,219.820374635768,"12",6,0,0,4,212,66,1,0,214
"M","inland",25,225.889645805071,"12",2,2,0,5,247,73,1,0,250
"M","inland",26,230.125062665306,"12",2,0,0,4,218,63,1,0,220
"M","inland",27,234.206126566828,"12",7,0,0,0,252,52,1,0,252
"M","inland",28,236.963401926174,"12",5,0,0,1,235,79,1,0,236
"M","inland",29,233.838791775402,"12",3,0,0,1,202,45,1,0,202
"M","inland",30,228.314667220557,"12",9,2,0,1,263,59,1,0,264
"M","inland",31,219.422862729575,"12",6,0,0,3,203,26,1,0,204
"M","inland",32,208.510790882647,"12",11,0,0,5,232,53,1,0,234
"M","inland",33,194.646365047279,"12",1,0,0,1,180,21,1,0,180
"M","inland",34,177.926508165782,"12",7,0,0,1,157,28,1,0,158
"M","inland",35,163.306954468678,"12",9,0,0,1,201,48,1,0,202
"M","inland",36,152.17537088829,"12",5,1,0,1,126,30,1,0,126
"M","inland",37,141.636066863149,"12",6,0,0,1,127,21,1,0,128
"M","inland",38,132.387177244947,"12",8,0,0,0,135,19,1,0,135
"M","inland",39,123.471594946036,"12",3,1,0,0,116,13,1,0,116
"M","inland",40,113.319237156939,"12",6,0,0,1,163,27,1,0,164
"M","inland",41,103.430466860992,"12",5,0,0,1,73,15,1,0,74
"M","inland",42,93.3497357479906,"12",8,0,0,0,101,12,1,0,101
"M","inland",43,83.8521069044112,"12",2,0,0,1,71,6,1,0,72
"M","inland",44,75.4937862999674,"12",2,1,0,1,56,6,1,0,56
"M","inland",45,67.7726154857079,"12",9,0,0,1,88,16,1,0,88
"M","inland",46,60.9142452224931,"12",2,1,0,1,49,2,1,0,50
"M","inland",47,54.8083627808475,"12",4,0,0,1,56,10,1,0,56
"M","inland",48,49.7221688031083,"12",1,0,0,0,55,13,1,0,55
"M","inland",49,45.4978807448653,"12",2,0,0,0,44,5,1,0,44
"F","inland",15,462.750106319152,"13",0,0,0,14,466,137,0,0,473
"F","inland",16,413.153413586064,"13",1,0,0,17,413,126,0,0,422
"F","inland",17,370.155950685332,"13",0,0,0,11,330,135,0,0,336
"F","inland",18,334.286710701443,"13",1,0,0,24,365,166,0,0,377
"F","inland",19,304.62825302614,"13",1,1,0,16,248,142,0,0,256
"F","inland",20,281.745232529385,"13",0,0,0,15,289,154,0,0,296
"F","inland",21,264.683711360884,"13",0,0,0,12,215,114,0,0,221
"F","inland",22,255.781815093591,"13",2,0,0,8,253,117,0,0,257
"F","inland",23,252.265435466256,"13",2,0,0,7,241,116,0,0,244
"F","inland",24,253.443536762172,"13",0,0,0,5,275,105,0,0,278
"F","inland",25,260.234498049904,"13",1,0,0,7,290,95,0,0,294
"F","inland",26,263.740036629414,"13",3,0,0,2,243,91,0,0,244
"F","inland",27,263.543897299651,"13",0,1,0,2,220,74,0,0,221
"F","inland",28,260.979385861664,"13",1,0,0,3,269,71,0,0,270
"F","inland",29,253.212715527088,"13",0,1,0,3,292,54,0,0,294
"F","inland",30,243.283455352344,"13",0,0,0,5,235,58,0,0,238
"F","inland",31,231.287734749726,"13",1,0,0,3,238,38,0,0,240
"F","inland",32,217.600148490217,"13",0,0,0,5,203,34,0,0,206
"F","inland",33,200.998115365453,"13",0,1,0,1,177,28,0,0,178
"F","inland",34,181.5329799957,"13",1,0,0,2,193,30,0,0,194
"F","inland",35,164.069421732242,"13",1,0,0,2,166,32,0,0,167
"F","inland",36,149.910581190783,"13",1,0,0,1,149,12,0,0,150
"F","inland",37,136.723485681453,"13",0,0,0,0,141,20,0,0,141
"F","inland",38,122.767846107386,"13",0,0,0,1,118,20,0,0,118
"F","inland",39,110.053113107797,"13",0,0,0,0,107,9,0,0,107
"F","inland",40,99.9662174882643,"13",2,1,0,0,102,25,0,0,102
"F","inland",41,91.7483381834246,"13",1,1,0,0,94,9,0,0,94
"F","inland",42,86.5897063666761,"13",0,0,0,0,85,8,0,0,85
"F","inland",43,82.9878766570784,"13",0,0,0,0,72,11,0,0,72
"F","inland",44,80.2412986612375,"13",0,0,0,0,82,2,0,0,82
"F","inland",45,79.1516287656023,"13",0,0,0,2,99,8,0,0,100
"F","inland",46,79.7876359112164,"13",0,0,0,1,81,9,0,0,82
"F","inland",47,82.0499924385644,"13",0,0,0,0,74,9,0,0,74
"F","inland",48,85.7997114324505,"13",0,0,0,0,74,4,0,0,74
"F","inland",49,91.1077060160446,"13",0,0,0,0,99,4,0,0,99
"M","inland",15,446.63225651214,"13",0,0,0,12,439,95,1,0,445
"M","inland",16,391.4123798029,"13",0,0,0,7,399,86,1,0,402
"M","inland",17,342.823521227588,"13",0,0,0,10,317,99,1,0,322
"M","inland",18,301.067880701456,"13",0,0,0,10,316,112,1,0,321
"M","inland",19,265.841324242246,"13",0,0,0,9,251,83,1,0,256
"M","inland",20,237.453930057012,"13",1,0,0,6,252,102,1,0,255
"M","inland",21,215.441933331355,"13",0,0,0,9,183,65,1,0,188
"M","inland",22,200.567993614368,"13",1,0,0,3,187,81,1,0,188
"M","inland",23,191.875681028487,"13",0,1,0,4,186,78,1,0,188
"M","inland",24,192.098634634662,"13",2,0,0,5,181,73,1,0,184
"M","inland",25,200.164032012792,"13",4,0,0,2,225,92,1,0,226
"M","inland",26,206.137573708517,"13",4,0,0,1,210,68,1,0,210
"M","inland",27,210.83209459487,"13",1,0,0,1,185,73,1,0,186
"M","inland",28,214.585280310001,"13",2,0,0,1,220,76,1,0,220
"M","inland",29,212.77177578576,"13",8,0,0,5,229,46,1,0,232
"M","inland",30,209.314866886244,"13",3,1,0,3,233,76,1,0,234
"M","inland",31,204.894628588141,"13",6,0,0,0,167,39,1,0,167
"M","inland",32,198.832386884691,"13",7,0,0,0,199,51,1,0,199
"M","inland",33,189.881218021718,"13",6,0,0,1,192,30,1,0,192
"M","inland",34,178.69017973394,"13",7,0,0,1,176,28,1,0,176
"M","inland",35,168.241058871212,"13",7,1,0,4,191,42,1,0,193
"M","inland",36,159.537498528053,"13",8,0,0,0,149,21,1,0,149
"M","inland",37,150.716047209033,"13",4,0,0,1,143,21,1,0,144
"M","inland",38,140.636088948017,"13",5,1,0,1,131,26,1,0,132
"M","inland",39,130.24041320241,"13",5,0,0,2,117,21,1,0,118
"M","inland",40,120.597456382297,"13",2,0,0,2,155,33,1,0,156
"M","inland",41,111.064504783855,"13",2,0,0,0,94,6,1,0,94
"M","inland",42,100.471646550437,"13",3,0,0,2,113,22,1,0,114
"M","inland",43,90.3910043489096,"13",6,0,0,0,83,10,1,0,83
"M","inland",44,81.7209731476499,"13",2,0,0,1,69,9,1,0,70
"M","inland",45,73.6438522340328,"13",2,0,0,2,81,21,1,0,82
"M","inland",46,66.3398463564098,"13",3,0,0,0,49,7,1,0,49
"M","inland",47,59.7210410808681,"13",4,0,0,0,61,9,1,0,61
"M","inland",48,54.0545129126398,"13",3,0,0,1,59,8,1,0,60
"M","inland",49,49.2070194590012,"13",1,0,0,0,51,6,1,0,51
"F","inland",15,468.16476855317,"14",0,0,0,23,444,108,0,0,456
"F","inland",16,427.528979018972,"14",1,0,0,37,412,139,0,0,430
"F","inland",17,391.59027901466,"14",1,0,0,22,382,114,0,0,393
"F","inland",18,360.572829190003,"14",0,0,0,23,371,159,0,0,382
"F","inland",19,334.242071000454,"14",0,0,0,18,338,114,0,0,347
"F","inland",20,312.863988583872,"14",0,0,0,16,327,157,0,0,335
"F","inland",21,295.999401090877,"14",1,0,0,10,219,109,0,0,224
"F","inland",22,283.647019593671,"14",1,0,0,16,272,146,0,0,280
"F","inland",23,275.783806525125,"14",0,0,0,10,260,128,0,0,265
"F","inland",24,276.233079533926,"14",1,0,0,9,260,112,0,0,264
"F","inland",25,283.365275242351,"14",0,0,0,14,334,112,0,0,341
"F","inland",26,287.442062527308,"14",4,0,0,7,283,80,0,0,286
"F","inland",27,288.623137707751,"14",0,0,0,6,270,71,0,0,273
"F","inland",28,287.21577141337,"14",2,0,0,9,281,83,0,0,286
"F","inland",29,276.997443157984,"14",1,0,0,4,244,54,0,0,246
"F","inland",30,264.538769138842,"14",1,0,0,4,307,87,0,0,309
"F","inland",31,252.952353141354,"14",0,0,0,3,268,30,0,0,270
"F","inland",32,240.420565097516,"14",1,1,0,6,224,43,0,0,227
"F","inland",33,226.522530198425,"14",1,0,0,0,199,23,0,0,199
"F","inland",34,210.708574371057,"14",0,0,0,5,193,40,0,0,196
"F","inland",35,195.062883307269,"14",1,1,0,2,229,17,0,0,230
"F","inland",36,180.931632146429,"14",0,0,0,2,172,17,0,0,173
"F","inland",37,167.0127697563,"14",1,0,0,2,183,28,0,0,184
"F","inland",38,151.151039287227,"14",0,0,0,0,140,17,0,0,140
"F","inland",39,135.310231606993,"14",0,0,0,2,124,17,0,0,125
"F","inland",40,117.174298050141,"14",0,0,0,2,117,20,0,0,118
"F","inland",41,100.855613956839,"14",0,0,0,1,122,14,0,0,122
"F","inland",42,92.9767087440228,"14",0,0,0,1,82,20,0,0,82
"F","inland",43,87.5221336876484,"14",0,0,0,1,79,5,0,0,80
"F","inland",44,83.0376801770805,"14",0,0,0,0,65,9,0,0,65
"F","inland",45,80.5204153592809,"14",0,0,0,1,75,8,0,0,76
"F","inland",46,79.5419760465549,"14",0,0,0,1,108,5,0,0,108
"F","inland",47,80.4921773545568,"14",0,1,0,1,101,6,0,0,102
"F","inland",48,83.2196015602187,"14",0,0,0,0,84,9,0,0,84
"F","inland",49,87.7575453888549,"14",0,0,0,1,68,7,0,0,68
"M","inland",15,446.95505575293,"14",0,1,0,12,416,83,1,0,422
"M","inland",16,399.896629385472,"14",0,1,0,18,423,84,1,0,432
"M","inland",17,358.171165906504,"14",0,0,0,15,334,84,1,0,342
"M","inland",18,321.964866831336,"14",1,0,0,12,344,111,1,0,350
"M","inland",19,291.073024305365,"14",0,0,0,13,288,84,1,0,294
"M","inland",20,265.561290281224,"14",0,0,0,12,267,87,1,0,273
"M","inland",21,245.236173180084,"14",1,0,0,5,206,64,1,0,208
"M","inland",22,230.419724471783,"14",1,0,0,2,205,85,1,0,206
"M","inland",23,220.927685539941,"14",1,0,0,9,220,86,1,0,224
"M","inland",24,220.020687789102,"14",0,0,0,7,209,85,1,0,212
"M","inland",25,226.376239695334,"14",2,0,0,4,264,97,1,0,266
"M","inland",26,231.546491417666,"14",1,0,0,5,234,61,1,0,236
"M","inland",27,236.951401207486,"14",4,0,0,4,214,68,1,0,216
"M","inland",28,240.98441500481,"14",3,0,0,7,227,59,1,0,230
"M","inland",29,237.501319876683,"14",2,0,0,2,210,48,1,0,211
"M","inland",30,232.516329987884,"14",6,1,0,5,310,96,1,0,312
"M","inland",31,228.386214420763,"14",14,0,0,2,208,48,1,0,209
"M","inland",32,223.08381364826,"14",2,1,0,6,221,45,1,0,224
"M","inland",33,214.716635815025,"14",1,1,0,2,172,41,1,0,173
"M","inland",34,203.87005531783,"14",8,0,0,2,198,26,1,0,199
"M","inland",35,192.93500095931,"14",5,0,0,3,236,59,1,0,238
"M","inland",36,183.540040943365,"14",5,0,0,1,174,34,1,0,174
"M","inland",37,174.111381741825,"14",7,0,0,2,169,17,1,0,170
"M","inland",38,162.018395974634,"14",7,0,0,2,173,30,1,0,174
"M","inland",39,149.511155246771,"14",7,0,0,2,119,19,1,0,120
"M","inland",40,137.597963849826,"14",7,1,0,1,155,36,1,0,156
"M","inland",41,126.004491570701,"14",6,1,0,1,117,9,1,0,118
"M","inland",42,116.579067064696,"14",7,1,0,0,118,25,1,0,118
"M","inland",43,107.339855443162,"14",5,0,0,0,118,17,1,0,118
"M","inland",44,97.5643159387946,"14",3,0,0,0,79,5,1,0,79
"M","inland",45,87.893575834253,"14",3,0,0,1,115,20,1,0,116
"M","inland",46,78.1459950389679,"14",6,0,0,1,67,6,1,0,68
"M","inland",47,68.4276241802408,"14",2,0,0,0,66,12,1,0,66
"M","inland",48,58.5508712562204,"14",3,0,0,0,62,13,1,0,62
"M","inland",49,48.6258922762871,"14",1,0,0,0,46,7,1,0,46
"F","fishing",15,29.8289539774649,"15",0,0,0,1,31,0,0,1,32
"F","fishing",16,45.2195414316051,"15",0,0,0,0,37,0,0,1,37
"F","fishing",17,59.00801493482,"15",0,0,0,3,49,0,0,1,50
"F","fishing",18,71.1032193332079,"15",1,0,0,0,87,0,0,1,87
"F","fishing",19,81.7077266056507,"15",1,0,0,3,86,0,0,1,88
"F","fishing",20,90.8630937491675,"15",0,0,0,9,106,0,0,1,110
"F","fishing",21,98.5762902641326,"15",0,0,0,3,77,0,0,1,78
"F","fishing",22,103.821661323767,"15",0,1,0,6,90,0,0,1,93
"F","fishing",23,107.607032077457,"15",0,1,0,3,124,0,0,1,126
"F","fishing",24,111.929089332172,"15",0,0,0,0,87,0,0,1,87
"F","fishing",25,115.792332633087,"15",1,0,0,4,136,0,0,1,138
"F","fishing",26,117.992991620128,"15",1,0,0,3,109,0,0,1,110
"F","fishing",27,118.516853792562,"15",0,0,0,2,118,0,0,1,119
"F","fishing",28,117.385435041168,"15",0,1,0,6,125,0,0,1,128
"F","fishing",29,113.387816791214,"15",1,0,0,2,92,0,0,1,93
"F","fishing",30,107.95216157372,"15",0,0,0,2,133,0,0,1,134
"F","fishing",31,100.680157220669,"15",0,0,0,1,74,0,0,1,74
"F","fishing",32,92.6617764829219,"15",1,1,0,2,117,0,0,1,118
"F","fishing",33,85.2161406367869,"15",0,0,0,1,75,0,0,1,76
"F","fishing",34,77.2222451009241,"15",0,0,0,1,63,0,0,1,64
"F","fishing",35,70.0607723529974,"15",1,0,0,4,83,0,0,1,85
"F","fishing",36,64.61917049052,"15",0,0,0,0,50,0,0,1,50
"F","fishing",37,59.3288488153539,"15",0,0,0,0,57,0,0,1,57
"F","fishing",38,53.5488936006487,"15",0,0,0,0,61,0,0,1,61
"F","fishing",39,47.9064382976029,"15",0,0,0,0,53,0,0,1,53
"F","fishing",40,41.527649363692,"15",0,1,0,1,54,0,0,1,54
"F","fishing",41,35.3368853877958,"15",0,0,0,0,18,0,0,1,18
"F","fishing",42,29.9137251599205,"15",0,0,0,0,28,0,0,1,28
"F","fishing",43,25.0858765185992,"15",0,0,0,0,27,0,0,1,27
"F","fishing",44,21.1129368032778,"15",0,1,0,0,11,0,0,1,11
"F","fishing",45,17.7806212404062,"15",0,0,0,0,30,0,0,1,30
"F","fishing",46,15.2181489839709,"15",0,0,0,0,12,0,0,1,12
"F","fishing",47,13.3399621712792,"15",0,0,0,0,11,0,0,1,11
"F","fishing",48,12.2277207793081,"15",0,0,0,0,16,0,0,1,16
"F","fishing",49,11.8238670391646,"15",0,0,0,0,10,0,0,1,10
"F","inland",15,586.612015918198,"15",1,0,0,24,561,118,0,0,573
"F","inland",16,555.786852944697,"15",1,0,0,27,550,134,0,0,564
"F","inland",17,527.252687106822,"15",2,0,0,18,483,129,0,0,492
"F","inland",18,500.787010906057,"15",3,0,0,26,544,154,0,0,557
"F","inland",19,476.932336767772,"15",1,0,0,32,452,137,0,0,468
"F","inland",20,455.737742426422,"15",3,0,0,13,527,172,0,0,534
"F","inland",21,437.287055572173,"15",5,0,0,11,384,94,0,0,390
"F","inland",22,419.267446730059,"15",3,0,0,10,361,116,0,0,366
"F","inland",23,404.073776440573,"15",2,0,0,20,397,91,0,0,407
"F","inland",24,398.952433649589,"15",1,0,0,14,393,101,0,0,400
"F","inland",25,400.092389314858,"15",3,1,0,8,420,139,0,0,424
"F","inland",26,398.731097221566,"15",1,0,0,16,384,73,0,0,392
"F","inland",27,396.119383443709,"15",3,0,0,14,376,88,0,0,383
"F","inland",28,391.780544312604,"15",2,0,0,9,449,72,0,0,454
"F","inland",29,379.397468227842,"15",3,0,0,7,318,66,0,0,322
"F","inland",30,364.72235892557,"15",1,0,0,8,388,84,0,0,392
"F","inland",31,349.194000234533,"15",1,1,0,2,301,44,0,0,302
"F","inland",32,332.225555965016,"15",1,0,0,6,404,43,0,0,407
"F","inland",33,314.830693430776,"15",2,0,0,7,265,31,0,0,268
"F","inland",34,296.302939906646,"15",2,0,0,2,286,30,0,0,287
"F","inland",35,277.773787482563,"15",2,0,0,6,297,38,0,0,300
"F","inland",36,259.174735832865,"15",0,0,0,1,260,19,0,0,260
"F","inland",37,239.945811411153,"15",0,0,0,2,229,20,0,0,230
"F","inland",38,219.748520386032,"15",2,1,0,1,213,12,0,0,214
"F","inland",39,199.531858483286,"15",0,0,0,0,194,12,0,0,194
"F","inland",40,177.150154046667,"15",0,0,0,2,218,21,0,0,219
"F","inland",41,155.782570018232,"15",0,0,0,2,136,10,0,0,137
"F","inland",42,138.479063393452,"15",0,0,0,2,131,10,0,0,132
"F","inland",43,123.767866042379,"15",0,0,0,0,113,6,0,0,113
"F","inland",44,112.476543405326,"15",1,0,0,0,105,5,0,0,105
"F","inland",45,103.836469632614,"15",1,0,0,2,103,3,0,0,104
"F","inland",46,98.1262267953234,"15",0,0,0,2,97,10,0,0,98
"F","inland",47,95.2095113146528,"15",0,0,0,2,97,10,0,0,98
"F","inland",48,95.414649520001,"15",0,0,0,1,100,6,0,0,100
"F","inland",49,98.5406123558862,"15",0,0,0,0,96,7,0,0,96
"M","fishing",15,34.0568758146425,"15",0,0,0,1,35,0,1,1,36
"M","fishing",16,42.9739584066998,"15",0,0,0,1,49,0,1,1,50
"M","fishing",17,52.1454602071169,"15",0,0,0,0,37,0,1,1,37
"M","fishing",18,61.7238224563512,"15",0,0,0,0,64,0,1,1,64
"M","fishing",19,71.4672322307974,"15",0,0,0,0,67,0,1,1,67
"M","fishing",20,81.7020166288366,"15",0,0,0,1,107,0,1,1,108
"M","fishing",21,91.9831718166168,"15",0,0,0,1,65,0,1,1,66
"M","fishing",22,103.038450329627,"15",0,0,0,1,98,0,1,1,98
"M","fishing",23,113.898312653914,"15",0,0,0,2,96,0,1,1,97
"M","fishing",24,124.167160204242,"15",1,0,0,1,115,0,1,1,116
"M","fishing",25,134.423264285526,"15",1,0,0,0,191,0,1,1,191
"M","fishing",26,142.057863579395,"15",1,0,0,2,112,0,1,1,113
"M","fishing",27,147.106630954279,"15",2,0,0,2,147,0,1,1,148
"M","fishing",28,149.445466589419,"15",0,1,0,1,158,0,1,1,158
"M","fishing",29,145.454596513753,"15",2,0,0,0,101,0,1,1,101
"M","fishing",30,139.468543235355,"15",3,2,0,3,207,0,1,1,208
"M","fishing",31,134.36397546713,"15",3,0,0,1,97,0,1,1,98
"M","fishing",32,128.338874323506,"15",0,0,0,2,146,0,1,1,147
"M","fishing",33,121.16357926116,"15",0,0,0,2,102,0,1,1,103
"M","fishing",34,112.67009750663,"15",1,0,0,2,87,0,1,1,88
"M","fishing",35,105.015923683548,"15",3,0,0,3,149,0,1,1,150
"M","fishing",36,100.351419750747,"15",1,0,0,0,83,0,1,1,83
"M","fishing",37,95.5409013378636,"15",3,0,0,1,75,0,1,1,76
"M","fishing",38,87.5745694328654,"15",3,0,0,0,103,0,1,1,103
"M","fishing",39,79.2591703718181,"15",1,0,0,1,80,0,1,1,80
"M","fishing",40,70.4459216632704,"15",1,0,0,2,97,0,1,1,98
"M","fishing",41,61.8745163872447,"15",0,0,0,0,37,0,1,1,37
"M","fishing",42,55.3015920362651,"15",1,0,0,0,48,0,1,1,48
"M","fishing",43,49.2111507468055,"15",1,0,0,1,50,0,1,1,50
"M","fishing",44,43.3044000563782,"15",0,1,0,0,22,0,1,1,22
"M","fishing",45,37.9150895465232,"15",1,0,0,1,75,0,1,1,76
"M","fishing",46,33.1600577113534,"15",2,0,0,0,26,0,1,1,26
"M","fishing",47,28.9467649211282,"15",0,0,0,0,22,0,1,1,22
"M","fishing",48,25.2686571356255,"15",2,0,0,0,30,0,1,1,30
"M","fishing",49,22.1079520616722,"15",0,0,0,0,19,0,1,1,19
"M","inland",15,545.187469651645,"15",0,0,0,14,518,76,1,0,525
"M","inland",16,507.610893298251,"15",1,0,0,11,535,92,1,0,540
"M","inland",17,473.607262493204,"15",2,0,0,12,424,94,1,0,430
"M","inland",18,443.158574298287,"15",2,0,0,20,458,98,1,0,468
"M","inland",19,416.432900989616,"15",0,0,0,15,451,79,1,0,458
"M","inland",20,393.617283808761,"15",1,0,0,18,425,103,1,0,434
"M","inland",21,374.513083586914,"15",2,0,0,11,279,81,1,0,284
"M","inland",22,358.002588034211,"15",0,0,0,13,350,72,1,0,356
"M","inland",23,345.225066745164,"15",3,0,0,5,348,76,1,0,350
"M","inland",24,341.238000918372,"15",3,0,0,10,300,75,1,0,305
"M","inland",25,343.850479360966,"15",1,1,0,13,412,88,1,0,418
"M","inland",26,345.148295843905,"15",5,0,0,7,312,73,1,0,316
"M","inland",27,346.156772493173,"15",7,0,0,2,348,61,1,0,349
"M","inland",28,345.493447255771,"15",2,0,0,5,345,62,1,0,348
"M","inland",29,336.953869939487,"15",5,0,0,3,280,55,1,0,282
"M","inland",30,326.954983250248,"15",5,2,0,5,423,84,1,0,426
"M","inland",31,318.242707604876,"15",8,0,0,4,262,45,1,0,264
"M","inland",32,308.659868535611,"15",10,0,0,8,338,47,1,0,342
"M","inland",33,297.299045710681,"15",10,1,0,1,265,23,1,0,266
"M","inland",34,284.268803872905,"15",5,0,0,5,229,40,1,0,232
"M","inland",35,271.144685156986,"15",3,0,0,8,357,50,1,0,361
"M","inland",36,260.248696906923,"15",2,1,0,2,226,34,1,0,227
"M","inland",37,248.883355445725,"15",8,0,0,3,246,33,1,0,248
"M","inland",38,233.090165950524,"15",5,0,0,6,239,35,1,0,242
"M","inland",39,216.494382575686,"15",9,0,0,2,182,20,1,0,183
"M","inland",40,199.013792261684,"15",10,0,0,7,254,29,1,0,258
"M","inland",41,181.732416252611,"15",4,0,0,1,139,13,1,0,140
"M","inland",42,168.614014383655,"15",9,0,0,2,184,14,1,0,185
"M","inland",43,155.680584322303,"15",8,0,0,5,133,26,1,0,136
"M","inland",44,141.557213993378,"15",3,1,0,1,122,11,1,0,122
"M","inland",45,127.401246423841,"15",9,0,0,4,180,19,1,0,182
"M","inland",46,112.966819315633,"15",3,1,0,3,94,9,1,0,96
"M","inland",47,98.4235234371313,"15",5,0,0,1,102,14,1,0,102
"M","inland",48,83.5270338735973,"15",5,0,0,1,93,9,1,0,94
"M","inland",49,68.3900231420824,"15",1,0,0,0,55,6,1,0,55
"F","fishing",15,38.0743229659921,"15S",0,0,0,6,38,5,0,1,41
"F","fishing",16,54.2385918931476,"15S",0,0,0,3,49,7,0,1,50
"F","fishing",17,68.5765904118041,"15S",0,0,0,4,49,15,0,1,51
"F","fishing",18,80.9417984842988,"15S",0,0,0,10,92,24,0,1,97
"F","fishing",19,91.6158832463715,"15S",0,0,0,2,93,26,0,1,94
"F","fishing",20,100.634216126119,"15S",1,0,0,9,127,37,0,1,132
"F","fishing",21,108.04727312497,"15S",0,0,0,6,92,19,0,1,95
"F","fishing",22,112.586278589792,"15S",0,0,0,4,86,31,0,1,88
"F","fishing",23,115.479970287033,"15S",0,0,0,5,130,34,0,1,132
"F","fishing",24,119.013003839489,"15S",0,0,0,4,105,19,0,1,107
"F","fishing",25,122.147012507226,"15S",1,0,0,6,133,36,0,1,136
"F","fishing",26,124.087746133459,"15S",1,0,0,5,122,20,0,1,124
"F","fishing",27,125.446329624309,"15S",0,0,0,6,98,19,0,1,101
"F","fishing",28,125.274617552442,"15S",0,0,0,9,141,28,0,1,146
"F","fishing",29,121.830022958196,"15S",0,1,0,4,108,13,0,1,110
"F","fishing",30,116.917416467952,"15S",0,1,0,4,153,24,0,1,155
"F","fishing",31,110.306188059371,"15S",0,0,0,3,65,8,0,1,66
"F","fishing",32,102.642145613721,"15S",0,0,0,3,123,10,0,1,124
"F","fishing",33,94.2341404496231,"15S",0,1,0,0,98,8,0,1,98
"F","fishing",34,84.6251812570661,"15S",0,1,0,2,61,8,0,1,62
"F","fishing",35,76.1691616706197,"15S",0,0,0,1,92,14,0,1,92
"F","fishing",36,69.8850344724322,"15S",0,0,0,1,68,7,0,1,68
"F","fishing",37,63.878273312926,"15S",0,0,0,2,51,6,0,1,52
"F","fishing",38,57.2156660238817,"15S",0,0,0,3,59,4,0,1,60
"F","fishing",39,50.86349794339,"15S",0,1,0,1,59,6,0,1,60
"F","fishing",40,45.0225866041399,"15S",0,0,0,1,56,9,0,1,56
"F","fishing",41,39.4522882908819,"15S",0,0,0,0,22,1,0,1,22
"F","fishing",42,34.0884502266307,"15S",0,1,0,0,31,3,0,1,31
"F","fishing",43,29.1336778977131,"15S",0,0,0,0,35,1,0,1,35
"F","fishing",44,24.7278218675858,"15S",0,0,0,0,21,0,0,1,21
"F","fishing",45,20.7671964617374,"15S",0,0,0,2,27,2,0,1,28
"F","fishing",46,17.3150016799093,"15S",0,0,0,0,15,1,0,1,15
"F","fishing",47,14.3199436115797,"15S",0,0,0,0,8,1,0,1,8
"F","fishing",48,11.8029296040214,"15S",0,0,0,0,18,4,0,1,18
"F","fishing",49,9.74942811780761,"15S",0,0,0,1,7,0,0,1,8
"M","fishing",15,41.7654050127689,"15S",0,0,0,4,45,2,1,1,47
"M","fishing",16,50.5706194262029,"15S",0,0,0,7,43,9,1,1,46
"M","fishing",17,59.7234028898835,"15S",0,0,0,3,47,11,1,1,48
"M","fishing",18,69.2614810630692,"15S",1,0,0,5,71,14,1,1,74
"M","fishing",19,79.1649539763571,"15S",0,0,0,5,77,13,1,1,80
"M","fishing",20,89.7561040293288,"15S",2,0,0,3,117,25,1,1,118
"M","fishing",21,100.669174805395,"15S",0,0,0,4,85,8,1,1,87
"M","fishing",22,112.013179364552,"15S",1,1,0,6,98,22,1,1,101
"M","fishing",23,123.427413926917,"15S",0,0,0,5,107,25,1,1,110
"M","fishing",24,136.385475949727,"15S",0,0,0,3,103,27,1,1,104
"M","fishing",25,150.434877309464,"15S",1,0,0,4,197,32,1,1,199
"M","fishing",26,160.910751563153,"15S",5,1,0,5,157,18,1,1,160
"M","fishing",27,168.569846886997,"15S",1,0,0,4,163,28,1,1,165
"M","fishing",28,173.074880096159,"15S",1,0,0,4,185,29,1,1,187
"M","fishing",29,168.482843566184,"15S",2,0,0,4,118,15,1,1,120
"M","fishing",30,161.097581388378,"15S",2,0,0,8,233,37,1,1,237
"M","fishing",31,153.506770557278,"15S",1,0,0,5,99,13,1,1,102
"M","fishing",32,144.826999857581,"15S",3,0,0,1,159,21,1,1,160
"M","fishing",33,136.912629648916,"15S",1,0,0,2,133,11,1,1,134
"M","fishing",34,128.114799526619,"15S",0,0,0,3,94,7,1,1,96
"M","fishing",35,120.036410118608,"15S",3,0,0,4,163,18,1,1,165
"M","fishing",36,114.71014497519,"15S",1,0,0,2,93,6,1,1,94
"M","fishing",37,109.316255832871,"15S",1,0,0,1,104,5,1,1,104
"M","fishing",38,101.112292120482,"15S",1,0,0,0,109,21,1,1,109
"M","fishing",39,92.4553150872616,"15S",1,0,0,1,79,8,1,1,80
"M","fishing",40,83.0379855659119,"15S",1,0,0,2,121,16,1,1,122
"M","fishing",41,73.6517666628974,"15S",0,2,0,0,45,8,1,1,45
"M","fishing",42,65.564536808202,"15S",2,0,0,1,67,6,1,1,68
"M","fishing",43,57.9256340475178,"15S",2,1,0,0,53,4,1,1,53
"M","fishing",44,50.7802599721955,"15S",0,0,0,0,38,1,1,1,38
"M","fishing",45,44.0893861874373,"15S",1,0,0,1,65,10,1,1,66
"M","fishing",46,37.9409904850701,"15S",1,0,0,2,31,2,1,1,32
"M","fishing",47,32.2833505808899,"15S",0,0,0,0,27,3,1,1,27
"M","fishing",48,27.1776770071873,"15S",2,0,0,2,35,1,1,1,36
"M","fishing",49,22.5778532317894,"15S",0,0,0,1,18,0,1,1,18
"F","fishing",15,38.3288783139585,"16",0,0,0,2,48,10,0,1,49
"F","fishing",16,55.4259694049689,"16",0,0,0,3,48,17,0,1,50
"F","fishing",17,70.8100722932798,"16",0,0,0,5,55,16,0,1,58
"F","fishing",18,84.412383323553,"16",0,0,0,6,71,35,0,1,74
"F","fishing",19,96.3238219507014,"16",0,0,0,7,100,33,0,1,104
"F","fishing",20,106.716877613799,"16",0,0,0,5,130,36,0,1,132
"F","fishing",21,115.452045559656,"16",2,0,0,6,103,37,0,1,106
"F","fishing",22,122.234092924913,"16",1,0,0,4,112,26,0,1,114
"F","fishing",23,127.15319923808,"16",0,0,0,6,136,42,0,1,139
"F","fishing",24,130.333486132112,"16",0,0,0,6,111,35,0,1,114
"F","fishing",25,131.980059443554,"16",0,0,0,8,137,40,0,1,141
"F","fishing",26,132.508973592728,"16",0,0,0,6,126,32,0,1,129
"F","fishing",27,132.277252987346,"16",0,0,0,6,124,29,0,1,127
"F","fishing",28,130.54700387648,"16",1,1,0,12,128,31,0,1,134
"F","fishing",29,126.056937786822,"16",0,0,0,4,118,27,0,1,120
"F","fishing",30,120.419489962679,"16",0,0,0,6,153,42,0,1,156
"F","fishing",31,113.882604608099,"16",1,0,0,2,88,12,0,1,89
"F","fishing",32,106.472451699145,"16",0,0,0,2,96,27,0,1,97
"F","fishing",33,98.3980810255719,"16",0,0,0,2,96,21,0,1,97
"F","fishing",34,89.3742980753733,"16",0,0,0,3,97,14,0,1,98
"F","fishing",35,81.411337812716,"16",0,0,0,2,90,15,0,1,91
"F","fishing",36,75.8837619131917,"16",0,0,0,2,66,11,0,1,67
"F","fishing",37,70.6222078064062,"16",0,0,0,0,63,6,0,1,63
"F","fishing",38,63.8848595527429,"16",0,0,0,0,62,18,0,1,62
"F","fishing",39,57.1066999090334,"16",0,0,0,2,62,9,0,1,63
"F","fishing",40,51.1488111564082,"16",0,0,0,0,57,5,0,1,57
"F","fishing",41,45.4578649373448,"16",0,0,0,0,47,1,0,1,47
"F","fishing",42,39.1892968492376,"16",0,0,0,2,36,7,0,1,37
"F","fishing",43,33.3162423384605,"16",0,0,0,1,26,10,0,1,26
"F","fishing",44,28.3241984041282,"16",0,0,0,0,27,4,0,1,27
"F","fishing",45,23.8740446876398,"16",0,0,0,0,29,1,0,1,29
"F","fishing",46,20.2006108925201,"16",0,0,0,0,15,4,0,1,15
"F","fishing",47,17.1425148642713,"16",0,0,0,0,15,1,0,1,15
"F","fishing",48,14.8681006925029,"16",0,0,0,1,9,2,0,1,10
"F","fishing",49,13.285894839004,"16",0,0,0,0,20,2,0,1,20
"F","inland",15,667.740864930139,"16",0,0,0,29,632,172,0,0,646
"F","inland",16,623.479716275421,"16",0,1,0,31,638,177,0,0,654
"F","inland",17,582.575895509995,"16",1,0,0,27,528,199,0,0,542
"F","inland",18,544.918700479845,"16",1,0,0,25,609,235,0,0,622
"F","inland",19,510.774312981463,"16",0,1,0,17,444,197,0,0,452
"F","inland",20,479.893098689443,"16",2,1,0,19,528,213,0,0,538
"F","inland",21,452.611130337538,"16",0,0,0,11,402,154,0,0,408
"F","inland",22,427.93885665461,"16",0,0,0,14,426,157,0,0,433
"F","inland",23,407.164094499927,"16",0,1,0,7,403,161,0,0,406
"F","inland",24,395.312664726425,"16",2,0,0,13,381,147,0,0,388
"F","inland",25,389.792294007923,"16",0,0,0,10,393,169,0,0,398
"F","inland",26,383.783787711661,"16",0,1,0,9,371,121,0,0,376
"F","inland",27,378.908430839175,"16",4,0,0,6,358,110,0,0,361
"F","inland",28,373.921850328533,"16",0,0,0,6,403,114,0,0,406
"F","inland",29,363.906131374946,"16",0,0,0,4,344,81,0,0,346
"F","inland",30,353.561074050906,"16",3,0,0,6,405,95,0,0,408
"F","inland",31,344.417265794682,"16",2,0,0,4,308,64,0,0,310
"F","inland",32,334.211155619519,"16",0,0,0,4,317,81,0,0,319
"F","inland",33,321.850345403509,"16",0,0,0,2,292,49,0,0,293
"F","inland",34,308.373757292486,"16",1,0,0,2,329,54,0,0,330
"F","inland",35,294.596054638483,"16",0,0,0,4,325,62,0,0,327
"F","inland",36,282.671229881182,"16",1,0,0,1,295,39,0,0,296
"F","inland",37,269.703040856545,"16",1,0,0,3,227,37,0,0,228
"F","inland",38,250.631573608801,"16",2,0,0,1,253,31,0,0,254
"F","inland",39,230.08023796957,"16",1,0,0,0,211,37,0,0,211
"F","inland",40,209.472714271875,"16",0,0,0,4,254,31,0,0,256
"F","inland",41,189.213413392864,"16",0,1,0,0,182,15,0,0,182
"F","inland",42,170.799764435553,"16",0,0,0,1,172,14,0,0,172
"F","inland",43,153.641972766253,"16",0,0,0,1,129,12,0,0,130
"F","inland",44,138.449108984594,"16",0,0,0,1,133,12,0,0,134
"F","inland",45,124.590959303654,"16",0,0,0,1,128,19,0,0,128
"F","inland",46,112.333986819593,"16",0,0,0,0,110,12,0,0,110
"F","inland",47,101.551054494759,"16",0,0,0,2,97,5,0,0,98
"F","inland",48,92.5817947888928,"16",0,0,0,1,98,17,0,0,98
"F","inland",49,85.2351189274512,"16",0,0,0,0,86,8,0,0,86
"M","fishing",15,55.4699780249561,"16",0,0,0,1,66,8,1,1,66
"M","fishing",16,61.0910912947033,"16",0,0,0,1,56,6,1,1,56
"M","fishing",17,67.4121055451426,"16",0,1,0,2,53,12,1,1,54
"M","fishing",18,74.4771787653626,"16",1,0,0,3,78,29,1,1,80
"M","fishing",19,82.1964666685463,"16",0,0,0,1,62,21,1,1,62
"M","fishing",20,90.8397449372746,"16",0,0,0,3,125,35,1,1,126
"M","fishing",21,100.095617543382,"16",0,0,0,3,79,23,1,1,80
"M","fishing",22,110.491629863971,"16",1,1,0,2,120,21,1,1,121
"M","fishing",23,121.235232508104,"16",0,0,0,0,116,30,1,1,116
"M","fishing",24,132.651125184689,"16",1,0,0,1,115,21,1,1,116
"M","fishing",25,144.843742396282,"16",1,0,0,5,138,40,1,1,140
"M","fishing",26,154.528076173638,"16",1,0,0,3,165,36,1,1,166
"M","fishing",27,163.613329897825,"16",3,0,0,7,174,53,1,1,178
"M","fishing",28,170.106281467279,"16",3,0,0,3,160,43,1,1,162
"M","fishing",29,168.922432070286,"16",0,0,0,7,143,23,1,1,146
"M","fishing",30,165.074036613724,"16",0,0,0,6,220,49,1,1,223
"M","fishing",31,157.894152805894,"16",2,0,0,4,126,14,1,1,128
"M","fishing",32,149.106826953418,"16",2,0,0,5,152,44,1,1,154
"M","fishing",33,141.421228498917,"16",3,0,0,2,120,22,1,1,121
"M","fishing",34,132.564771890498,"16",2,1,0,4,124,13,1,1,126
"M","fishing",35,124.657791918581,"16",1,0,0,0,155,30,1,1,155
"M","fishing",36,120.595344087127,"16",3,0,0,2,102,26,1,1,103
"M","fishing",37,116.375598986631,"16",0,0,0,2,103,17,1,1,104
"M","fishing",38,108.289746343728,"16",1,0,0,2,125,13,1,1,126
"M","fishing",39,99.4766327045037,"16",3,0,0,3,88,12,1,1,90
"M","fishing",40,89.1810826182794,"16",0,0,0,0,116,21,1,1,116
"M","fishing",41,78.9068177915281,"16",1,0,0,0,69,7,1,1,69
"M","fishing",42,70.5680565798805,"16",0,0,0,4,59,18,1,1,61
"M","fishing",43,62.7257797074585,"16",0,0,0,0,51,9,1,1,51
"M","fishing",44,55.3286622621543,"16",0,0,0,1,43,6,1,1,44
"M","fishing",45,48.4658040111005,"16",0,0,0,1,71,12,1,1,72
"M","fishing",46,42.3166809149231,"16",1,0,0,0,39,3,1,1,39
"M","fishing",47,36.7700378920832,"16",0,0,0,1,38,2,1,1,38
"M","fishing",48,31.9276567148528,"16",0,0,0,2,30,9,1,1,31
"M","fishing",49,27.7066968954965,"16",1,0,0,1,26,2,1,1,26
"M","inland",15,613.731329142356,"16",0,1,0,26,564,103,1,0,577
"M","inland",16,564.651695572597,"16",0,0,0,22,568,166,1,0,579
"M","inland",17,519.945026478932,"16",1,0,0,14,522,140,1,0,529
"M","inland",18,479.520017945915,"16",1,0,0,13,531,152,1,0,538
"M","inland",19,443.741523972013,"16",1,0,0,8,433,197,1,0,437
"M","inland",20,412.188349902712,"16",2,0,0,10,426,184,1,0,431
"M","inland",21,385.357539348475,"16",0,1,0,7,325,112,1,0,328
"M","inland",22,361.351634703037,"16",1,0,0,8,357,135,1,0,361
"M","inland",23,342.678740659758,"16",1,0,0,3,340,125,1,0,342
"M","inland",24,338.412156230606,"16",2,0,0,4,312,107,1,0,314
"M","inland",25,343.809217919239,"16",0,0,0,4,390,146,1,0,392
"M","inland",26,346.476651660901,"16",1,0,0,4,313,89,1,0,315
"M","inland",27,347.232681488327,"16",4,0,0,2,350,99,1,0,351
"M","inland",28,346.417282687432,"16",2,0,0,3,370,112,1,0,372
"M","inland",29,336.464763688496,"16",3,0,0,7,281,78,1,0,284
"M","inland",30,325.148881910196,"16",5,1,0,4,433,135,1,0,435
"M","inland",31,314.08156428295,"16",3,0,0,3,257,53,1,0,258
"M","inland",32,302.49687602496,"16",4,0,0,5,284,79,1,0,286
"M","inland",33,292.626408749672,"16",9,0,0,4,266,60,1,0,268
"M","inland",34,282.841335176555,"16",10,0,0,1,279,54,1,0,280
"M","inland",35,273.682760693939,"16",11,0,0,6,318,66,1,0,321
"M","inland",36,270.360429677412,"16",5,0,0,1,251,37,1,0,252
"M","inland",37,266.135853516269,"16",6,0,0,3,252,50,1,0,254
"M","inland",38,252.1041276488,"16",10,0,0,1,258,49,1,0,258
"M","inland",39,235.984885500961,"16",8,0,0,0,223,34,1,0,223
"M","inland",40,217.509821670405,"16",2,1,0,2,280,51,1,0,281
"M","inland",41,198.908838444161,"16",5,0,0,0,163,24,1,0,163
"M","inland",42,184.495602566722,"16",10,1,0,2,183,29,1,0,184
"M","inland",43,170.779901366348,"16",7,1,0,1,137,29,1,0,138
"M","inland",44,157.359059694415,"16",7,0,0,0,138,16,1,0,138
"M","inland",45,144.638144375314,"16",9,0,0,4,189,28,1,0,191
"M","inland",46,132.854951784257,"16",5,0,0,0,127,14,1,0,127
"M","inland",47,121.873386362454,"16",6,1,0,1,126,11,1,0,126
"M","inland",48,111.820467978388,"16",3,0,0,0,111,10,1,0,111
"M","inland",49,102.575516382467,"16",6,1,0,4,95,9,1,0,97
"F","fishing",15,53.6882166644054,"17",0,0,0,5,67,11,0,1,70
"F","fishing",16,73.2246543322831,"17",0,0,0,2,56,13,0,1,57
"F","fishing",17,90.6205004664697,"17",0,0,0,8,75,19,0,1,79
"F","fishing",18,105.82653690677,"17",0,0,0,6,108,21,0,1,111
"F","fishing",19,118.89297386932,"17",0,0,0,7,113,32,0,1,116
"F","fishing",20,129.955169180516,"17",0,0,0,13,133,46,0,1,140
"F","fishing",21,138.89444003118,"17",0,0,0,8,132,35,0,1,136
"F","fishing",22,145.331856605823,"17",1,0,0,4,148,41,0,1,150
"F","fishing",23,149.447559749867,"17",0,1,0,8,158,44,0,1,162
"F","fishing",24,151.01303504612,"17",0,0,0,0,134,33,0,1,134
"F","fishing",25,150.372410822686,"17",0,0,0,3,148,47,0,1,150
"F","fishing",26,148.973287648766,"17",1,1,0,2,159,37,0,1,160
"F","fishing",27,147.46277233564,"17",0,0,0,6,121,26,0,1,124
"F","fishing",28,144.570802653663,"17",0,0,0,11,142,34,0,1,148
"F","fishing",29,139.112079575788,"17",0,0,0,6,145,26,0,1,148
"F","fishing",30,132.770534853674,"17",0,0,0,10,155,32,0,1,160
"F","fishing",31,125.452334380408,"17",2,0,0,2,102,22,0,1,103
"F","fishing",32,117.524843141184,"17",0,0,0,3,114,25,0,1,116
"F","fishing",33,109.706624101385,"17",0,1,0,0,102,10,0,1,102
"F","fishing",34,101.26083076344,"17",0,0,0,5,90,15,0,1,92
"F","fishing",35,93.5718407469448,"17",0,0,0,4,112,19,0,1,114
"F","fishing",36,88.0837787979336,"17",1,0,0,0,88,14,0,1,88
"F","fishing",37,82.8916873417243,"17",0,0,0,2,73,7,0,1,74
"F","fishing",38,76.4473739398041,"17",0,0,0,3,76,12,0,1,78
"F","fishing",39,69.7442019226845,"17",0,0,0,1,69,14,0,1,70
"F","fishing",40,62.5172562896951,"17",0,0,0,5,62,10,0,1,64
"F","fishing",41,55.2485250888294,"17",0,0,0,0,53,6,0,1,53
"F","fishing",42,47.9860161340765,"17",0,0,0,1,50,8,0,1,50
"F","fishing",43,41.1141395771026,"17",0,0,0,0,50,9,0,1,50
"F","fishing",44,35.1427628511853,"17",0,0,0,0,26,5,0,1,26
"F","fishing",45,29.598474326141,"17",0,0,0,1,24,2,0,1,24
"F","fishing",46,24.5497488083223,"17",0,0,0,1,24,2,0,1,24
"F","fishing",47,19.9692507353982,"17",0,0,0,0,19,2,0,1,19
"F","fishing",48,15.9845492874019,"17",0,0,0,0,18,2,0,1,18
"F","fishing",49,12.5332426417846,"17",0,0,0,0,14,3,0,1,14
"F","inland",15,731.013606620553,"17",1,0,0,22,706,148,0,0,717
"F","inland",16,677.092530950377,"17",2,0,0,21,712,194,0,0,722
"F","inland",17,627.666110782883,"17",1,0,0,23,549,189,0,0,560
"F","inland",18,582.856186009877,"17",3,1,0,46,625,266,0,0,648
"F","inland",19,542.479951725389,"17",3,0,0,18,496,192,0,0,505
"F","inland",20,506.648069757643,"17",2,0,0,25,531,262,0,0,544
"F","inland",21,475.157921182376,"17",1,1,0,25,413,166,0,0,426
"F","inland",22,448.325901246241,"17",6,0,0,13,437,201,0,0,444
"F","inland",23,425.811206868748,"17",2,0,0,16,437,168,0,0,445
"F","inland",24,408.760445569747,"17",3,0,0,15,375,170,0,0,382
"F","inland",25,396.90803677767,"17",3,0,0,14,446,153,0,0,453
"F","inland",26,386.368349816977,"17",2,0,0,12,360,110,0,0,366
"F","inland",27,378.895027387429,"17",0,0,0,5,338,120,0,0,340
"F","inland",28,371.920970904769,"17",0,0,0,9,377,152,0,0,382
"F","inland",29,361.049165111629,"17",1,0,0,7,366,77,0,0,370
"F","inland",30,350.773486472104,"17",2,0,0,8,370,130,0,0,374
"F","inland",31,343.483068499176,"17",2,0,0,4,343,61,0,0,345
"F","inland",32,336.441282638698,"17",3,0,0,4,336,86,0,0,338
"F","inland",33,327.667216157734,"17",0,1,0,5,305,54,0,0,308
"F","inland",34,318.190625499456,"17",1,0,0,3,267,50,0,0,268
"F","inland",35,307.808466307961,"17",4,0,0,2,341,74,0,0,342
"F","inland",36,299.335345882235,"17",1,0,0,4,357,50,0,0,359
"F","inland",37,289.785336716145,"17",1,0,0,5,251,32,0,0,254
"F","inland",38,274.787666616953,"17",1,0,0,2,267,37,0,0,268
"F","inland",39,257.860881208851,"17",2,0,0,1,239,27,0,0,240
"F","inland",40,236.593435579349,"17",1,1,0,4,270,51,0,0,272
"F","inland",41,214.568806210832,"17",1,0,0,1,204,22,0,0,204
"F","inland",42,196.039886802998,"17",0,0,0,1,200,14,0,0,200
"F","inland",43,178.251264201623,"17",0,0,0,0,165,12,0,0,165
"F","inland",44,161.51861296491,"17",0,0,0,0,157,10,0,0,157
"F","inland",45,145.605761130707,"17",0,0,0,2,148,10,0,0,149
"F","inland",46,130.669267575989,"17",1,0,0,0,143,17,0,0,143
"F","inland",47,116.613771393901,"17",0,0,0,1,91,7,0,0,92
"F","inland",48,103.583750483276,"17",0,0,0,1,115,17,0,0,116
"F","inland",49,91.5038293680864,"17",0,1,0,1,91,7,0,0,92
"M","fishing",15,68.6594889455297,"17",0,0,0,3,82,15,1,1,84
"M","fishing",16,74.564816373175,"17",0,0,0,0,69,17,1,1,69
"M","fishing",17,81.3626907062153,"17",0,0,0,3,63,16,1,1,64
"M","fishing",18,89.2708004701628,"17",0,0,0,2,102,22,1,1,103
"M","fishing",19,97.8693989574409,"17",0,0,0,4,71,21,1,1,73
"M","fishing",20,107.4807443298,"17",0,0,0,1,112,44,1,1,112
"M","fishing",21,117.616595830617,"17",1,0,0,3,106,20,1,1,108
"M","fishing",22,129.462236003911,"17",0,0,0,9,135,21,1,1,140
"M","fishing",23,141.508850092265,"17",0,0,0,3,136,18,1,1,138
"M","fishing",24,152.423861471129,"17",0,0,0,3,147,19,1,1,148
"M","fishing",25,163.274400263069,"17",1,0,0,8,191,30,1,1,195
"M","fishing",26,171.824434680466,"17",1,0,0,3,140,26,1,1,142
"M","fishing",27,178.958439390301,"17",4,1,0,5,154,29,1,1,156
"M","fishing",28,183.568448974809,"17",4,0,0,3,218,39,1,1,220
"M","fishing",29,182.807506084117,"17",1,0,0,0,154,20,1,1,154
"M","fishing",30,179.984198174117,"17",3,1,0,4,231,40,1,1,233
"M","fishing",31,175.357427503368,"17",1,0,0,3,153,18,1,1,154
"M","fishing",32,169.012765318041,"17",0,0,0,4,161,30,1,1,163
"M","fishing",33,160.755714642993,"17",2,0,0,2,156,14,1,1,157
"M","fishing",34,150.275709327324,"17",3,0,0,3,109,14,1,1,110
"M","fishing",35,141.147274382736,"17",3,0,0,3,200,30,1,1,202
"M","fishing",36,135.945858409775,"17",1,0,0,3,120,21,1,1,122
"M","fishing",37,130.740976204397,"17",1,0,0,1,105,24,1,1,106
"M","fishing",38,122.967391362752,"17",4,1,0,1,137,19,1,1,138
"M","fishing",39,114.508203140692,"17",2,2,0,2,99,10,1,1,100
"M","fishing",40,104.336081477328,"17",3,0,0,1,133,18,1,1,134
"M","fishing",41,94.1053483737655,"17",4,0,0,2,86,5,1,1,87
"M","fishing",42,85.6336687558655,"17",0,0,0,1,81,9,1,1,82
"M","fishing",43,77.4808020342776,"17",0,0,0,4,70,10,1,1,72
"M","fishing",44,69.4857771705054,"17",1,0,0,1,51,4,1,1,52
"M","fishing",45,61.6485791185288,"17",2,0,0,1,76,11,1,1,76
"M","fishing",46,53.8903101270924,"17",2,0,0,0,52,8,1,1,52
"M","fishing",47,46.3230115973038,"17",0,0,0,0,49,5,1,1,49
"M","fishing",48,39.0221302837936,"17",0,0,0,0,53,4,1,1,53
"M","fishing",49,31.9305333091841,"17",0,0,0,1,19,5,1,1,20
"M","inland",15,647.387680937927,"17",1,0,0,13,592,124,1,0,598
"M","inland",16,597.915883959305,"17",1,0,0,14,635,118,1,0,642
"M","inland",17,552.184673639913,"17",0,0,0,13,547,127,1,0,554
"M","inland",18,510.028255060597,"17",0,0,0,13,523,162,1,0,530
"M","inland",19,471.918376414775,"17",1,0,0,15,486,139,1,0,494
"M","inland",20,437.418334623408,"17",0,0,0,13,463,177,1,0,470
"M","inland",21,407.103163050899,"17",1,0,0,9,346,129,1,0,350
"M","inland",22,379.291282783552,"17",2,0,0,9,363,138,1,0,368
"M","inland",23,356.304629596607,"17",4,0,0,4,343,161,1,0,345
"M","inland",24,345.814085937258,"17",1,0,0,6,323,107,1,0,326
"M","inland",25,343.801360299471,"17",3,0,0,7,388,169,1,0,392
"M","inland",26,340.766148429076,"17",2,0,0,0,338,120,1,0,338
"M","inland",27,338.156170915295,"17",2,0,0,4,322,122,1,0,324
"M","inland",28,334.876599700342,"17",3,0,0,8,334,125,1,0,338
"M","inland",29,321.885971344802,"17",2,1,0,3,296,78,1,0,298
"M","inland",30,308.784396522447,"17",2,0,0,7,389,145,1,0,392
"M","inland",31,300.534962819265,"17",5,0,0,1,248,62,1,0,248
"M","inland",32,293.106445568371,"17",5,0,0,3,299,87,1,0,300
"M","inland",33,287.489249428024,"17",7,0,0,4,271,50,1,0,273
"M","inland",34,282.952049906337,"17",8,0,0,2,217,48,1,0,218
"M","inland",35,278.069018843886,"17",7,0,0,4,354,79,1,0,356
"M","inland",36,277.432666267472,"17",12,0,0,2,303,54,1,0,304
"M","inland",37,275.931084318564,"17",6,0,0,5,226,48,1,0,228
"M","inland",38,266.302040395861,"17",7,0,0,0,277,53,1,0,277
"M","inland",39,254.155237626538,"17",12,0,0,0,241,35,1,0,241
"M","inland",40,236.892226991173,"17",10,0,0,3,267,66,1,0,268
"M","inland",41,218.739641872219,"17",10,0,0,3,214,33,1,0,216
"M","inland",42,205.249187766791,"17",6,0,0,3,211,19,1,0,212
"M","inland",43,191.963507372791,"17",5,1,0,3,162,25,1,0,164
"M","inland",44,178.295820546937,"17",8,0,0,2,148,32,1,0,149
"M","inland",45,164.700426372927,"17",5,0,0,3,201,41,1,0,202
"M","inland",46,151.185989107179,"17",10,0,0,0,150,17,1,0,150
"M","inland",47,137.806344371981,"17",8,1,0,1,141,14,1,0,142
"M","inland",48,124.650701387384,"17",6,0,0,1,128,15,1,0,128
"M","inland",49,111.640098538862,"17",7,0,0,1,104,14,1,0,104
"F","fishing",15,57.8976604115948,"18",0,0,0,3,66,23,0,1,68
"F","fishing",16,76.9146705422344,"18",0,0,0,5,70,17,0,1,72
"F","fishing",17,93.77230203299,"18",0,0,0,9,73,32,0,1,78
"F","fishing",18,108.382831336199,"18",0,0,0,8,110,57,0,1,114
"F","fishing",19,120.853046909258,"18",0,0,0,13,106,49,0,1,112
"F","fishing",20,131.214643274366,"18",0,0,0,14,148,73,0,1,155
"F","fishing",21,139.487338315261,"18",0,0,0,7,116,74,0,1,120
"F","fishing",22,145.251004613415,"18",0,0,0,11,157,56,0,1,162
"F","fishing",23,148.823704437894,"18",1,0,0,10,157,69,0,1,162
"F","fishing",24,150.09554648447,"18",0,0,0,14,127,58,0,1,134
"F","fishing",25,149.285129312802,"18",1,0,0,9,150,58,0,1,154
"F","fishing",26,148.186154429245,"18",1,1,0,6,128,51,0,1,131
"F","fishing",27,148.132887058414,"18",0,0,0,7,139,50,0,1,142
"F","fishing",28,146.823824238956,"18",0,0,0,9,157,50,0,1,162
"F","fishing",29,143.122998591518,"18",1,0,0,2,132,35,0,1,133
"F","fishing",30,138.345163010836,"18",1,0,0,8,167,57,0,1,171
"F","fishing",31,130.494151246622,"18",0,0,0,3,116,27,0,1,118
"F","fishing",32,121.930786770858,"18",1,0,0,4,119,29,0,1,121
"F","fishing",33,114.427429964985,"18",0,0,0,2,99,26,0,1,100
"F","fishing",34,106.256817080153,"18",0,0,0,1,99,29,0,1,100
"F","fishing",35,98.7211261428632,"18",0,0,0,2,101,29,0,1,102
"F","fishing",36,92.8436847292693,"18",0,2,0,3,95,24,0,1,96
"F","fishing",37,87.4939492003748,"18",0,1,0,2,106,19,0,1,107
"F","fishing",38,82.1982584543226,"18",0,0,0,2,71,17,0,1,72
"F","fishing",39,76.8216271475275,"18",0,1,0,2,66,19,0,1,67
"F","fishing",40,70.8064870555967,"18",0,0,0,1,70,12,0,1,70
"F","fishing",41,64.4122540421955,"18",0,0,0,0,59,9,0,1,59
"F","fishing",42,57.3401058980726,"18",0,0,0,1,69,10,0,1,70
"F","fishing",43,50.2214496651213,"18",0,0,0,3,57,10,0,1,58
"F","fishing",44,43.5018290328598,"18",0,0,0,0,42,7,0,1,42
"F","fishing",45,36.7611102060283,"18",0,0,0,0,37,6,0,1,37
"F","fishing",46,29.961874113652,"18",0,0,0,1,13,6,0,1,14
"F","fishing",47,23.1206944803876,"18",0,0,0,0,25,6,0,1,25
"F","fishing",48,16.2463011468638,"18",0,0,0,0,20,3,0,1,20
"F","fishing",49,9.35855163290607,"18",0,0,0,0,11,6,0,1,11
"F","inland",15,742.270692995413,"18",2,0,0,32,698,195,0,0,714
"F","inland",16,690.685196833667,"18",1,0,0,48,691,228,0,0,715
"F","inland",17,642.299563888222,"18",1,0,0,40,589,198,0,0,609
"F","inland",18,596.978738891959,"18",1,0,0,46,650,296,0,0,673
"F","inland",19,555.124066393344,"18",3,0,0,41,528,238,0,0,548
"F","inland",20,516.484437888482,"18",3,0,0,28,516,283,0,0,530
"F","inland",21,481.400657042662,"18",3,0,0,24,456,210,0,0,468
"F","inland",22,447.79255198171,"18",1,0,0,19,393,213,0,0,402
"F","inland",23,418.12612444181,"18",1,0,0,20,407,229,0,0,417
"F","inland",24,398.182666218685,"18",1,0,0,13,402,167,0,0,408
"F","inland",25,385.022701960378,"18",3,0,0,9,411,204,0,0,416
"F","inland",26,373.723284672051,"18",4,0,0,9,368,120,0,0,372
"F","inland",27,365.527647511467,"18",2,1,0,4,342,120,0,0,344
"F","inland",28,358.731155230865,"18",0,0,0,5,350,143,0,0,352
"F","inland",29,350.279872780282,"18",2,0,0,6,337,123,0,0,340
"F","inland",30,342.425203121664,"18",0,0,0,7,374,115,0,0,378
"F","inland",31,336.151440095111,"18",0,0,0,5,325,92,0,0,328
"F","inland",32,330.279360267176,"18",1,1,0,4,332,89,0,0,334
"F","inland",33,322.880285344842,"18",1,0,0,1,321,67,0,0,322
"F","inland",34,315.038436668363,"18",3,0,0,5,283,70,0,0,286
"F","inland",35,306.64114519207,"18",2,1,0,5,339,63,0,0,342
"F","inland",36,299.609782355929,"18",1,0,0,5,263,81,0,0,266
"F","inland",37,291.689202712762,"18",1,0,0,3,307,29,0,0,308
"F","inland",38,280.582796787782,"18",2,0,0,3,291,53,0,0,292
"F","inland",39,268.126013605614,"18",2,0,0,1,262,39,0,0,262
"F","inland",40,252.806509598935,"18",1,0,0,4,264,46,0,0,266
"F","inland",41,236.353969785118,"18",3,0,0,1,221,41,0,0,222
"F","inland",42,220.311111271656,"18",1,0,0,2,213,24,0,0,214
"F","inland",43,203.805770101938,"18",0,0,0,2,204,21,0,0,205
"F","inland",44,187.085062341192,"18",0,0,0,2,185,15,0,0,186
"F","inland",45,169.922339469976,"18",1,0,0,0,168,20,0,0,168
"F","inland",46,152.416308018847,"18",1,0,0,1,166,13,0,0,166
"F","inland",47,134.500988044946,"18",0,0,0,0,119,8,0,0,119
"F","inland",48,116.230063232576,"18",0,0,0,0,129,11,0,0,129
"F","inland",49,97.5583700826379,"18",0,0,0,1,92,8,0,0,92
"M","fishing",15,75.6436525204167,"18",0,0,0,2,80,24,1,1,81
"M","fishing",16,81.5436601125637,"18",0,0,0,6,83,21,1,1,86
"M","fishing",17,88.1843009380276,"18",0,0,0,4,81,18,1,1,83
"M","fishing",18,95.8056521904193,"18",0,0,0,6,84,45,1,1,87
"M","fishing",19,103.977269792168,"18",0,0,0,5,90,26,1,1,92
"M","fishing",20,113.032144500252,"18",0,1,0,7,132,36,1,1,136
"M","fishing",21,122.462736915503,"18",0,0,0,5,91,32,1,1,94
"M","fishing",22,133.632365135556,"18",0,1,0,1,124,47,1,1,124
"M","fishing",23,144.913572655637,"18",1,1,0,1,162,35,1,1,162
"M","fishing",24,154.431812823567,"18",0,0,0,4,141,45,1,1,143
"M","fishing",25,163.610240038891,"18",1,0,0,3,184,60,1,1,186
"M","fishing",26,171.02207014695,"18",2,2,0,2,162,32,1,1,163
"M","fishing",27,176.700518248079,"18",0,1,0,5,176,39,1,1,178
"M","fishing",28,180.200973904131,"18",1,0,0,4,170,61,1,1,172
"M","fishing",29,180.394675735773,"18",1,1,0,1,140,35,1,1,140
"M","fishing",30,178.743822276901,"18",1,0,0,8,254,71,1,1,258
"M","fishing",31,175.395870298723,"18",2,2,0,2,147,41,1,1,148
"M","fishing",32,170.619428034443,"18",1,0,0,1,166,46,1,1,166
"M","fishing",33,163.623726977033,"18",2,0,0,1,152,41,1,1,152
"M","fishing",34,154.366031953729,"18",2,2,0,5,155,21,1,1,158
"M","fishing",35,145.893037566372,"18",3,0,0,4,167,48,1,1,169
"M","fishing",36,139.969276012986,"18",3,1,0,2,100,32,1,1,101
"M","fishing",37,134.109363783242,"18",3,0,0,2,155,31,1,1,156
"M","fishing",38,126.759249609394,"18",2,0,0,4,123,36,1,1,125
"M","fishing",39,119.050996535849,"18",2,0,0,2,108,26,1,1,109
"M","fishing",40,111.209587878338,"18",2,0,0,11,131,36,1,1,136
"M","fishing",41,103.258071880774,"18",1,0,0,1,85,16,1,1,86
"M","fishing",42,95.2170810854158,"18",0,1,0,1,95,15,1,1,96
"M","fishing",43,87.1140932216505,"18",2,0,0,0,88,19,1,1,88
"M","fishing",44,79.0341176984214,"18",0,1,0,0,67,12,1,1,67
"M","fishing",45,70.8648652755685,"18",1,0,0,2,84,23,1,1,85
"M","fishing",46,62.629362748377,"18",2,0,0,2,58,10,1,1,59
"M","fishing",47,54.3236295087437,"18",0,0,0,0,50,11,1,1,50
"M","fishing",48,45.9851660153232,"18",1,0,0,0,56,19,1,1,56
"M","fishing",49,37.5854108644047,"18",1,0,0,1,32,4,1,1,32
"M","inland",15,659.193149049556,"18",0,0,0,18,611,127,1,0,620
"M","inland",16,608.079798430632,"18",0,0,0,29,613,163,1,0,628
"M","inland",17,560.798636723252,"18",2,0,0,26,582,148,1,0,595
"M","inland",18,517.325025619507,"18",0,0,0,29,539,192,1,0,554
"M","inland",19,477.830197788296,"18",0,0,0,25,414,180,1,0,426
"M","inland",20,441.742528747754,"18",2,0,0,28,463,166,1,0,477
"M","inland",21,409.693575215804,"18",0,0,0,13,375,142,1,0,382
"M","inland",22,381.015692861578,"18",1,0,0,14,363,168,1,0,370
"M","inland",23,357.063885592463,"18",2,0,0,16,351,177,1,0,359
"M","inland",24,342.138296564623,"18",2,0,0,6,325,138,1,0,328
"M","inland",25,333.721682334185,"18",1,0,0,12,375,162,1,0,381
"M","inland",26,326.515022516129,"18",4,1,0,8,293,142,1,0,297
"M","inland",27,323.102405757655,"18",1,0,0,6,315,125,1,0,318
"M","inland",28,320.572849515278,"18",4,0,0,5,326,121,1,0,328
"M","inland",29,314.122409649955,"18",2,0,0,1,289,86,1,0,290
"M","inland",30,307.711646677669,"18",6,0,0,5,349,135,1,0,352
"M","inland",31,300.588457477346,"18",5,0,0,4,293,52,1,0,295
"M","inland",32,293.827873553281,"18",5,0,0,6,301,94,1,0,304
"M","inland",33,287.691234366722,"18",0,0,0,5,268,72,1,0,270
"M","inland",34,281.312552297017,"18",5,1,0,4,240,49,1,0,242
"M","inland",35,275.346668470874,"18",8,0,0,5,313,97,1,0,316
"M","inland",36,272.6173874079,"18",4,0,0,4,250,63,1,0,252
"M","inland",37,269.882800551599,"18",7,0,0,3,287,68,1,0,288
"M","inland",38,265.297691066667,"18",9,0,0,5,280,53,1,0,282
"M","inland",39,259.353799646578,"18",5,0,0,2,218,39,1,0,219
"M","inland",40,248.565537344867,"18",7,0,0,5,272,68,1,0,274
"M","inland",41,236.310547669195,"18",10,1,0,4,231,34,1,0,233
"M","inland",42,224.613530392684,"18",13,0,0,3,235,34,1,0,236
"M","inland",43,212.058800794477,"18",8,0,0,1,200,27,1,0,200
"M","inland",44,198.628401830892,"18",5,0,0,1,176,20,1,0,176
"M","inland",45,184.360873000799,"18",6,0,0,0,218,43,1,0,218
"M","inland",46,169.337356632003,"18",8,1,0,2,149,26,1,0,150
"M","inland",47,153.510234043282,"18",3,0,0,4,162,28,1,0,164
"M","inland",48,136.938130341656,"18",8,0,0,1,129,24,1,0,130
"M","inland",49,119.583076775809,"18",4,0,0,1,122,13,1,0,122
